title,sell_price,orig_price,rating,num_ratings
"POCO M6 Pro 5G (Power Black, 128 GB)","₹12,999","₹16,999",4.3,"1,583 Ratings & 123 Reviews"
"POCO M6 Pro 5G (Forest Green, 64 GB)","₹10,999","₹14,999",,
"POCO M6 Pro 5G (Power Black, 64 GB)","₹10,999","₹14,999",,
"POCO C51 (Power Black, 64 GB)","₹6,499","₹9,999",4.1,"60,764 Ratings & 3,361 Reviews"
"POCO C50 (Royal Blue, 32 GB)","₹5,499","₹8,999",4.2,"54,684 Ratings & 2,660 Reviews"
"POCO C55 (Power Black, 128 GB)","₹8,499","₹13,999",4.1,"40,590 Ratings & 2,397 Reviews"
"REDMI 12 (Moonstone Silver, 128 GB)","₹11,499","₹15,999",4.2,"3,914 Ratings & 339 Reviews"
"POCO C55 (Cool Blue, 128 GB)","₹8,499","₹13,999",4.1,"40,590 Ratings & 2,397 Reviews"
"POCO C51 (Royal Blue, 64 GB)","₹6,499","₹9,999",4.1,"60,764 Ratings & 3,361 Reviews"
"REDMI 12 (Moonstone Silver, 128 GB)","₹9,999","₹14,999",,
"POCO C50 (Country Green, 32 GB)","₹5,499","₹8,999",4.2,"54,684 Ratings & 2,660 Reviews"
"REDMI 12 (Pastel Blue, 128 GB)","₹11,499","₹15,999",4.2,"3,914 Ratings & 339 Reviews"
"MOTOROLA e13 (Aurora Green, 64 GB)","₹7,299","₹10,999",4,"46,243 Ratings & 3,825 Reviews"
"REDMI 12 (Pastel Blue, 128 GB)","₹9,999","₹14,999",,
"vivo T2x 5G (Glimmer Black, 128 GB)","₹15,999","₹20,999",4.3,"26,709 Ratings & 1,633 Reviews"
"vivo T2x 5G (Aurora Gold, 128 GB)","₹15,999","₹20,999",4.3,"26,709 Ratings & 1,633 Reviews"
"vivo T2x 5G (Marine Blue, 128 GB)","₹13,999","₹18,999",4.4,"1,18,730 Ratings & 6,791 Reviews"
"vivo T2x 5G (Glimmer Black, 128 GB)","₹13,999","₹18,999",4.4,"1,18,730 Ratings & 6,791 Reviews"
"vivo T2x 5G (Marine Blue, 128 GB)","₹15,999","₹20,999",4.3,"26,709 Ratings & 1,633 Reviews"
"vivo T2x 5G (Marine Blue, 128 GB)","₹12,999","₹17,999",4.4,"63,873 Ratings & 3,500 Reviews"
"vivo T2x 5G (Aurora Gold, 128 GB)","₹12,999","₹17,999",4.4,"63,873 Ratings & 3,500 Reviews"
"Infinix Smart 7 HD (Ink Black, 64 GB)","₹5,999","₹7,999",4.3,"20,437 Ratings & 950 Reviews"
"realme C53 (Champion Gold, 64 GB)","₹10,999","₹12,999",4.5,"19,911 Ratings & 989 Reviews"
"Infinix Smart 7 HD (Silk Blue, 64 GB)","₹5,999","₹7,999",4.3,"20,437 Ratings & 950 Reviews"
,,,,
,,,,
"Infinix Smart 7 HD (Green Apple, 64 GB)","₹5,999","₹7,999",4.3,"20,437 Ratings & 950 Reviews"
"Infinix Smart 7 HD (Jade White, 64 GB)","₹5,999","₹7,999",4.3,"20,437 Ratings & 950 Reviews"
"Infinix SMART 7 (Emerald Green, 64 GB)","₹6,999","₹9,999",4.3,"66,235 Ratings & 3,224 Reviews"
"Infinix SMART 7 (Azure Blue, 64 GB)","₹6,999","₹9,999",4.3,"66,235 Ratings & 3,224 Reviews"
"REDMI 12 (Jade Black, 128 GB)","₹9,999","₹14,999",,
"POCO C55 (Forest Green, 128 GB)","₹8,499","₹13,999",4.1,"40,590 Ratings & 2,397 Reviews"
"realme C53 (Champion Black, 64 GB)","₹10,999","₹12,999",,
"Infinix SMART 7 (Emerald Green, 128 GB)","₹7,599","₹10,999",4.3,"66,235 Ratings & 3,224 Reviews"
"Infinix SMART 7 (Azure Blue, 128 GB)","₹7,599","₹10,999",4.3,"66,235 Ratings & 3,224 Reviews"
"Infinix SMART 7 (Night Black, 128 GB)","₹7,599","₹10,999",4.3,"66,235 Ratings & 3,224 Reviews"
"POCO C55 (Cool Blue, 64 GB)","₹7,499","₹11,999",4.2,"52,623 Ratings & 3,172 Reviews"
"MOTOROLA G32 (Mineral Gray, 128 GB)","₹11,999","₹18,999",4.1,"48,148 Ratings & 4,187 Reviews"
"realme C53 (Champion Gold, 128 GB)","₹9,999","₹11,999",,
"MOTOROLA e13 (Cosmic Black, 64 GB)","₹7,299","₹10,999",4,"46,243 Ratings & 3,825 Reviews"
"Infinix SMART 7 (Night Black, 64 GB)","₹6,999","₹9,999",4.3,"66,235 Ratings & 3,224 Reviews"
"Nokia 105 Single SIM, Keypad Mobile Phone with Wireless FM Radio","₹1,299","₹1,599",4.1,"41,054 Ratings & 2,561 Reviews"
"OnePlus Nord CE 2 Lite 5G (Blue Tide, 128 GB)","₹17,814","₹19,999",4.4,"1,01,191 Ratings & 7,035 Reviews"
"Nokia 105 Single SIM, Keypad Mobile Phone with Wireless FM Radio","₹1,299","₹1,599",4.1,"41,054 Ratings & 2,561 Reviews"
"Nokia 105 Single SIM, Keypad Mobile Phone with Wireless FM Radio","₹1,299","₹1,599",4.1,"41,054 Ratings & 2,561 Reviews"
"SAMSUNG Galaxy F34 5G (Electric Black, 128 GB)","₹18,999","₹24,499",4.2,"2,430 Ratings & 257 Reviews"
"Infinix HOT 30i (Diamond White, 128 GB)","₹8,999","₹11,999",4.2,"70,989 Ratings & 4,197 Reviews"
"Infinix HOT 30i (Marigold, 64 GB)","₹8,199","₹9,999",4.2,"15,677 Ratings & 894 Reviews"
"Infinix HOT 30i (Diamond White, 64 GB)","₹8,199","₹9,999",4.2,"15,677 Ratings & 894 Reviews"
"vivo T2x 5G (Aurora Gold, 128 GB)","₹13,999","₹18,999",4.4,"1,18,730 Ratings & 6,791 Reviews"
,,,,
"Infinix HOT 30i (Marigold, 128 GB)","₹8,999","₹11,999",4.2,"70,989 Ratings & 4,197 Reviews"
"MOTOROLA e32 (Arctic Blue, 64 GB)","₹7,999","₹11,999",3.9,"15,411 Ratings & 1,276 Reviews"
"MOTOROLA G62 5G (Midnight Gray, 128 GB)","₹14,999","₹21,999",4.1,"46,323 Ratings & 4,055 Reviews"
"POCO C55 (Forest Green, 64 GB)","₹7,499","₹11,999",4.2,"52,623 Ratings & 3,172 Reviews"
"realme C53 (Champion Black, 128 GB)","₹9,999","₹11,999",4.1,"6,166 Ratings & 514 Reviews"
"REDMI 11 Prime (Peppy Purple, 128 GB)","₹10,499","₹16,999",4.3,"10,991 Ratings & 582 Reviews"
"Infinix HOT 30i (Mirror Black, 64 GB)","₹8,199","₹9,999",4.2,"15,677 Ratings & 894 Reviews"
"Infinix HOT 30i (Glacier Blue, 64 GB)","₹8,199","₹9,999",4.2,"15,677 Ratings & 894 Reviews"
"MOTOROLA e13 (Creamy White, 64 GB)","₹7,299","₹10,999",4,"46,243 Ratings & 3,825 Reviews"
"REDMI 11 Prime (Playful Green, 128 GB)","₹10,499","₹16,999",4.3,"10,991 Ratings & 582 Reviews"
"POCO C55 (Power Black, 64 GB)","₹7,499","₹11,999",4.2,"52,623 Ratings & 3,172 Reviews"
"MOTOROLA e13 (Cosmic Black, 64 GB)","₹5,999","₹9,999",4,"5,386 Ratings & 449 Reviews"
"Infinix HOT 30i (Glacier Blue, 128 GB)","₹8,999","₹11,999",4.2,"70,989 Ratings & 4,197 Reviews"
"Infinix HOT 30i (Mirror Black, 128 GB)","₹8,999","₹11,999",4.2,"70,989 Ratings & 4,197 Reviews"
"MOTOROLA g73 5G (Midnight Blue, 128 GB)","₹16,999","₹21,999",4,"26,703 Ratings & 3,234 Reviews"
"REDMI A1+ (Black, 32 GB)","₹6,299","₹9,999",4.2,"10,528 Ratings & 444 Reviews"
"MOTOROLA g14 (Butter Cream, 128 GB)","₹9,999","₹12,999",4.1,"2,601 Ratings & 314 Reviews"
"REDMI 12 (Jade Black, 128 GB)","₹11,499","₹15,999",4.2,"3,914 Ratings & 339 Reviews"
"vivo T2x 5G (Glimmer Black, 128 GB)","₹12,999","₹17,999",4.4,"63,873 Ratings & 3,500 Reviews"
"REDMI 11 Prime (Flashy Black, 128 GB)","₹10,499","₹16,999",4.3,"10,991 Ratings & 582 Reviews"
"POCO X5 5G (Jaguar Black, 128 GB)","₹14,999","₹20,999",4.1,"19,561 Ratings & 1,506 Reviews"
"OPPO A17k (Blue, 64 GB)","₹9,499","₹12,999",4.5,"7,293 Ratings & 194 Reviews"
"MOTOROLA g14 (Steel Gray, 128 GB)","₹9,999","₹12,999",4.1,"2,601 Ratings & 314 Reviews"
"POCO C31 (Shadow Gray, 64 GB)","₹6,499","₹11,999",4.3,"2,27,850 Ratings & 14,068 Reviews"
,,,,
,,,,
"MOTOROLA g14 (Steel Gray, 128 GB)","₹9,999","₹12,999",4.1,"2,601 Ratings & 314 Reviews"
"MOTOROLA e32 (Eco Black, 64 GB)","₹7,999","₹11,999",3.9,"15,411 Ratings & 1,276 Reviews"
"SAMSUNG Galaxy M14 5G (Smoky Teal, 128 GB)","₹14,849","₹18,999",4.2,"3,048 Ratings & 210 Reviews"
"MOTOROLA e13 (Aurora Green, 64 GB)","₹5,999","₹9,999",4,"5,386 Ratings & 449 Reviews"
"MOTOROLA G32 (Satin Silver, 128 GB)","₹11,999","₹18,999",4.1,"48,148 Ratings & 4,187 Reviews"
"MOTOROLA g13 (Lavender Blue, 128 GB)","₹9,999","₹13,999",4,"43,827 Ratings & 3,994 Reviews"
Micromax J22,"₹1,090","₹1,599",3.9,"2,884 Ratings & 181 Reviews"
Micromax J22,"₹1,128","₹1,599",3.9,"2,884 Ratings & 181 Reviews"
"Infinix HOT 20 Play (Fantasy Purple, 64 GB)","₹7,999","₹11,999",4.3,"30,199 Ratings & 1,542 Reviews"
"Infinix HOT 20 Play (Luna Blue, 64 GB)","₹7,999","₹11,999",4.3,"30,199 Ratings & 1,542 Reviews"
"Infinix HOT 20 Play (Aurora Green, 64 GB)","₹7,999","₹11,999",4.3,"30,199 Ratings & 1,542 Reviews"
"MOTOROLA g14 (Sky Blue, 128 GB)","₹9,999","₹12,999",4.1,"2,601 Ratings & 314 Reviews"
"POCO X5 5G (Supernova Green, 128 GB)","₹14,999","₹20,999",4.1,"19,561 Ratings & 1,506 Reviews"
Micromax X512,₹995,"₹1,799",4,"1,565 Ratings & 99 Reviews"
Micromax X512,₹995,"₹1,799",4,230 Ratings & 11 Reviews
"MOTOROLA G62 5G (Frosted Blue, 128 GB)","₹15,999","₹24,999",4.1,"22,840 Ratings & 2,019 Reviews"
"realme C30 (Lake Blue, 32 GB)","₹6,499","₹9,299",4.1,"65,183 Ratings & 3,911 Reviews"
"realme C30 (Denim Black, 32 GB)","₹5,999","₹8,499",4.2,"1,08,190 Ratings & 5,733 Reviews"
"realme 11x 5G (Purple Dawn, 128 GB)","₹14,999","₹16,999",4.5,"1,828 Ratings & 124 Reviews"
"realme 11x 5G (Midnight Black, 128 GB)","₹15,999","₹18,999",4.5,69 Ratings & 12 Reviews
"realme 11x 5G (Purple Dawn, 128 GB)","₹15,999","₹18,999",4.5,69 Ratings & 12 Reviews
"POCO X5 5G (Wildcat Blue, 128 GB)","₹14,999","₹20,999",4.1,"19,561 Ratings & 1,506 Reviews"
"realme 11x 5G (Midnight Black, 128 GB)","₹14,999","₹16,999",4.5,"1,828 Ratings & 124 Reviews"
"MOTOROLA e13 (Creamy White, 64 GB)","₹5,999","₹9,999",4,"5,386 Ratings & 449 Reviews"
,,,,
,,,,
"realme C30 (Denim Black, 32 GB)","₹6,499","₹9,299",4.1,"65,183 Ratings & 3,911 Reviews"
"MOTOROLA G62 5G (Midnight Gray, 128 GB)","₹15,999","₹24,999",4.1,"22,840 Ratings & 2,019 Reviews"
"REDMI A2 (Aqua Blue, 64 GB)","₹6,890","₹9,999",4.1,426 Ratings & 27 Reviews
"REDMI A2 (Aqua Blue, 64 GB)","₹6,985","₹10,999",4.1,"2,375 Ratings & 132 Reviews"
"REDMI A2 (Classic Black, 64 GB)","₹7,026","₹10,999",4.1,"2,375 Ratings & 132 Reviews"
"OPPO A17k (Navy Blue, 64 GB)","₹9,499","₹12,999",4.5,"7,293 Ratings & 194 Reviews"
"POCO M5 (Yellow, 64 GB)","₹8,499","₹15,999",4.1,"19,185 Ratings & 1,648 Reviews"
"Infinix HOT 20 Play (Racing Black, 64 GB)","₹7,999","₹11,999",4.3,"30,199 Ratings & 1,542 Reviews"
"POCO C31 (Royal Blue, 64 GB)","₹6,499","₹11,999",4.3,"2,27,850 Ratings & 14,068 Reviews"
"vivo T2 5G (Nitro Blaze, 128 GB)","₹20,999","₹24,999",4.4,"9,202 Ratings & 631 Reviews"
"vivo T2 5G (Nitro Blaze, 128 GB)","₹18,999","₹23,999",4.4,"48,064 Ratings & 3,056 Reviews"
"REDMI A2 (Classic Black, 64 GB)","₹6,648","₹9,999",4.1,426 Ratings & 27 Reviews
"REDMI A2 (Sea Green, 32 GB)","₹6,725","₹8,999",4.1,426 Ratings & 27 Reviews
"vivo T2 5G (Velocity Wave, 128 GB)","₹18,999","₹23,999",4.4,"48,064 Ratings & 3,056 Reviews"
LAVA A1 Josh with BOL,"₹1,039","₹1,399",4,333 Ratings & 26 Reviews
"POCO M5 (Icy Blue, 64 GB)","₹8,499","₹15,999",4.1,"19,185 Ratings & 1,648 Reviews"
"SAMSUNG Galaxy M04 (Dark Blue, 64 GB)","₹8,078","₹11,499",4.1,"5,287 Ratings & 317 Reviews"
"APPLE iPhone 14 (Midnight, 128 GB)","₹67,999","₹79,900",4.6,"47,328 Ratings & 1,797 Reviews"
"REDMI A2 (Sea Green, 64 GB)","₹7,017","₹10,999",4.1,"2,375 Ratings & 132 Reviews"
"MOTOROLA G62 5G (Frosted Blue, 128 GB)","₹14,999","₹21,999",4.1,"46,323 Ratings & 4,055 Reviews"
"MOTOROLA g14 (Pale Lilac, 128 GB)","₹9,999","₹12,999",4.1,"2,601 Ratings & 314 Reviews"
"REDMI A1+ (Light Green, 32 GB)","₹6,299","₹9,999",4.2,"10,528 Ratings & 444 Reviews"
"SAMSUNG Galaxy F13 (Nightsky Green, 64 GB)","₹10,999","₹14,999",4.3,"1,68,478 Ratings & 9,674 Reviews"
"MOTOROLA g73 5G (Lucent White, 128 GB)","₹16,999","₹21,999",4,"26,703 Ratings & 3,234 Reviews"
,,,,
,,,,
"MOTOROLA G62 5G (Frosted Blue, 128 GB)","₹14,999","₹21,999",4.1,"46,323 Ratings & 4,055 Reviews"
"MOTOROLA g73 5G (Lucent White, 128 GB)","₹16,999","₹21,999",4,"26,703 Ratings & 3,234 Reviews"
"MOTOROLA g14 (Pale Lilac, 128 GB)","₹9,999","₹12,999",4.1,"2,601 Ratings & 314 Reviews"
"POCO M4 5G (Cool Blue, 128 GB)","₹13,499","₹18,999",4.2,"47,352 Ratings & 3,350 Reviews"
"realme 11 5G (Glory Black, 128 GB)","₹18,999","₹20,999",4.2,84 Ratings & 3 Reviews
"realme 11 5G (Glory Gold, 256 GB)","₹19,999","₹22,999",4.2,84 Ratings & 3 Reviews
"realme 11 5G (Glory Gold, 128 GB)","₹18,999","₹20,999",4.2,84 Ratings & 3 Reviews
"SAMSUNG Galaxy M14 5G (Smoky Teal, 128 GB)","₹13,662","₹17,990",4.2,815 Ratings & 63 Reviews
"REDMI A1+ (Light Green, 32 GB)","₹6,299","₹9,999",4.2,"10,528 Ratings & 444 Reviews"
"MOTOROLA G32 (Satin Maroon, 128 GB)","₹11,999","₹18,999",4.1,"48,148 Ratings & 4,187 Reviews"
"Infinix Note 30 5G (Sunset Gold, 128 GB)","₹14,999","₹17,999",,
"OnePlus Nord CE 2 Lite 5G (Black Dusk, 128 GB)","₹17,850","₹19,999",4.4,"1,01,191 Ratings & 7,035 Reviews"
"POCO X5 Pro 5G (Horizon Blue, 256 GB)","₹21,999","₹28,999",4.3,"15,073 Ratings & 1,555 Reviews"
LAVA A3,"₹1,299","₹1,499",4.2,"20,703 Ratings & 2,213 Reviews"
KARBONN Jumbo K9,"₹1,287","₹1,390",4,"13,800 Ratings & 1,346 Reviews"
"realme 11 5G (Glory Black, 256 GB)","₹19,999","₹22,999",4.2,84 Ratings & 3 Reviews
"POCO C51 - Locked with Airtel Prepaid (Royal Blue, 64 GB)","₹5,999","₹9,999",4.1,"60,764 Ratings & 3,361 Reviews"
"SAMSUNG Galaxy M14 5G (Berry Blue, 128 GB)","₹15,077","₹18,990",4.2,"3,048 Ratings & 210 Reviews"
"REDMI 12c (Royal Blue, 128 GB)","₹10,150","₹15,999",4.1,"1,375 Ratings & 69 Reviews"
"OnePlus Nord CE 3 Lite 5G (Chromatic Gray, 256 GB)","₹21,999",,4.4,"3,696 Ratings & 292 Reviews"
"POCO M5 (Power Black, 128 GB)","₹10,499","₹18,999",4.2,"7,597 Ratings & 497 Reviews"
"OPPO Reno10 5G (Silvery Grey, 256 GB)","₹32,999","₹38,999",,
"SAMSUNG Galaxy F14 5G (B.A.E. Purple, 128 GB)","₹14,990","₹18,490",4.2,"32,611 Ratings & 2,554 Reviews"
"Infinix NOTE 12i (Metaverse Blue, 64 GB)","₹9,499","₹12,999",4.2,"8,778 Ratings & 895 Reviews"
,,,,
,,,,
"POCO M5 (Power Black, 128 GB)","₹10,499","₹18,999",4.2,"7,597 Ratings & 497 Reviews"
"SAMSUNG Galaxy F14 5G (B.A.E. Purple, 128 GB)","₹14,990","₹18,490",4.2,"32,611 Ratings & 2,554 Reviews"
"POCO X5 Pro 5G (Astral Black, 256 GB)","₹21,999","₹28,999",4.3,"15,073 Ratings & 1,555 Reviews"
"realme C55 (Rainforest, 128 GB)","₹13,999","₹15,999",4.4,"23,644 Ratings & 1,338 Reviews"
"SAMSUNG Galaxy F04 (Jade Purple, 64 GB)","₹8,499","₹11,499",4.2,"40,494 Ratings & 2,330 Reviews"
"realme C55 (Rainforest, 64 GB)","₹11,999","₹13,999",4.3,"13,941 Ratings & 903 Reviews"
"realme C55 (Rainforest, 64 GB)","₹10,999","₹12,999",4.4,"73,609 Ratings & 4,267 Reviews"
"Infinix NOTE 12i (Alpine White, 64 GB)","₹9,499","₹12,999",4.2,"8,778 Ratings & 895 Reviews"
"SAMSUNG Galaxy M04 (Light Green, 64 GB)","₹7,934","₹11,999",4.1,"5,287 Ratings & 317 Reviews"
itel Ace2 Keypad Mobile| 1000 mAh Battery|Expandable Storage 32GB,₹905,"₹1,449",4,"1,612 Ratings & 134 Reviews"
"MOTOROLA G32 (Rose Gold, 128 GB)","₹11,999","₹18,999",4.1,"48,148 Ratings & 4,187 Reviews"
Micromax X512,"₹1,097","₹1,499",3.9,"10,758 Ratings & 955 Reviews"
LAVA Hero 600i,₹898,"₹1,199",4.1,"1,750 Ratings & 115 Reviews"
"Nokia 105 Single SIM, Keypad Mobile Phone with Wireless FM Radio","₹1,299","₹1,599",4.1,"41,054 Ratings & 2,561 Reviews"
DIZO Star 500,"₹1,729","₹1,999",3.9,"16,135 Ratings & 1,766 Reviews"
"realme C55 (Sunshower, 64 GB)","₹10,999","₹12,999",4.4,"73,609 Ratings & 4,267 Reviews"
"POCO X5 Pro 5G (Horizon Blue, 128 GB)","₹19,999","₹25,999",4.3,"12,422 Ratings & 1,358 Reviews"
"I Kall King Talking, Contact icon and Auto Call Recording",₹719,₹899,3.6,"18,564 Ratings & 1,643 Reviews"
"SAMSUNG Galaxy M13 (Aqua Green, 128 GB)","₹12,795","₹15,999",4.2,"1,206 Ratings & 63 Reviews"
"SAMSUNG Galaxy F13 (Waterfall Blue, 64 GB)","₹10,999","₹14,999",4.3,"1,68,478 Ratings & 9,674 Reviews"
itel Ace2 Keypad Mobile| 1000 mAh Battery|Expandable Storage 32GB,₹905,"₹1,449",4,"1,612 Ratings & 134 Reviews"
"POCO M5 (Icy Blue, 128 GB)","₹10,499","₹18,999",4.2,"7,597 Ratings & 497 Reviews"
"REDMI A2+ (Sea Green, 64 GB)","₹7,739","₹11,999",4.1,490 Ratings & 27 Reviews
"REDMI A2+ (Classic Black, 64 GB)","₹7,736","₹11,999",4.1,490 Ratings & 27 Reviews
,,,,
,,,,
"REDMI A2 (Sea Green, 64 GB)","₹6,900","₹9,999",4.1,426 Ratings & 27 Reviews
"REDMI A2+ (Classic Black, 64 GB)","₹7,736","₹11,999",4.1,490 Ratings & 27 Reviews
"OPPO Reno10 5G (Ice Blue, 256 GB)","₹32,999","₹38,999",4.2,"14,139 Ratings & 2,066 Reviews"
"realme C55 (Sunshower, 128 GB)","₹13,999","₹15,999",4.4,"23,644 Ratings & 1,338 Reviews"
"realme C55 (Rainy Night, 128 GB)","₹13,999","₹15,999",4.4,"23,644 Ratings & 1,338 Reviews"
"realme C55 (Rainy Night, 64 GB)","₹11,999","₹13,999",4.3,"13,941 Ratings & 903 Reviews"
"POCO C50 (Country Green, 32 GB)","₹6,299","₹9,999",4,"18,430 Ratings & 1,162 Reviews"
"realme C55 (Rainy Night, 64 GB)","₹10,999","₹12,999",4.4,"73,609 Ratings & 4,267 Reviews"
itel Ace2 Keypad Mobile| 1000 mAh Battery|Expandable Storage 32GB,₹905,"₹1,449",4,"1,612 Ratings & 134 Reviews"
"realme C55 (Sunshower, 64 GB)","₹11,999","₹13,999",4.3,"13,941 Ratings & 903 Reviews"
"REDMI A2+ (?Aqua Blue, 64 GB)","₹7,725","₹11,999",4.1,490 Ratings & 27 Reviews
HOTLINE H310,₹649,₹999,3.4,338 Ratings & 23 Reviews
"OPPO A17K (Navy Blue, 64 GB)","₹9,280","₹12,999",4.5,"7,293 Ratings & 194 Reviews"
"Infinix Note 30 5G (Sunset Gold, 256 GB)","₹15,999","₹19,999",4.2,"15,947 Ratings & 2,236 Reviews"
SAMSUNG Guru Music 2 SM-B315E,"₹2,880","₹2,899",4.1,"10,664 Ratings & 726 Reviews"
"realme Narzo N53 (Feather Gold, 128 GB)","₹11,785","₹12,999",4.2,"1,598 Ratings & 87 Reviews"
"REDMI Note 12 Pro 5G (Glacier Blue, 128 GB)","₹23,999","₹27,999",4.2,"32,952 Ratings & 3,211 Reviews"
"POCO X5 5G (Jaguar Black, 256 GB)","₹16,999","₹23,999",4.1,"5,916 Ratings & 459 Reviews"
"realme Narzo N53 (Feather Black, 64 GB)","₹9,845","₹10,999",4.3,"1,247 Ratings & 77 Reviews"
"realme Narzo N53 (Feather Black, 128 GB)","₹12,690","₹12,999",4.2,"1,598 Ratings & 87 Reviews"
Snexian GURU 310,₹699,₹999,3.3,"21,770 Ratings & 1,721 Reviews"
"REDMI 12C (Royal Blue, 64 GB)","₹8,320","₹13,999",4.2,"2,355 Ratings & 134 Reviews"
"SAMSUNG Galaxy A03 Core (Bronze, 32 GB)","₹6,879","₹10,499",4.1,"4,043 Ratings & 314 Reviews"
PHILIPS Xenium E209,"₹1,341","₹2,999",3.9,"1,751 Ratings & 171 Reviews"
,,,,
,,,,
"REDMI 12C (Mint Green, 128 GB)","₹9,822","₹15,999",4.1,"1,375 Ratings & 69 Reviews"
"REDMI Note 12 5G (Mystique Blue, 128 GB)","₹18,999","₹21,999",4.1,"5,397 Ratings & 385 Reviews"
"Infinix HOT 30 5G (Knight Black, 128 GB)","₹12,499","₹14,999",4.1,811 Ratings & 94 Reviews
"REDMI Note 12 (Sunrise Gold, 64 GB)","₹12,999","₹18,999",4.1,"13,390 Ratings & 1,157 Reviews"
"Infinix NOTE 12i (Force Black, 64 GB)","₹9,499","₹12,999",4.2,"8,778 Ratings & 895 Reviews"
"IQOO Z6 Lite 5G (With Charger) (Stellar Green, 128 GB)","₹15,280","₹19,999",4.3,"2,476 Ratings & 170 Reviews"
"SAMSUNG Galaxy F04 (Opal Green, 64 GB)","₹8,499","₹11,499",4.2,"40,494 Ratings & 2,330 Reviews"
"REDMI Note 12 (Lunar Black, 64 GB)","₹12,999","₹18,999",4.1,"13,390 Ratings & 1,157 Reviews"
"POCO C50 (Royal Blue, 32 GB)","₹6,299","₹9,999",4,"18,430 Ratings & 1,162 Reviews"
GFive U220i,₹679,₹999,3.3,972 Ratings & 94 Reviews
"POCO X5 5G (Wildcat Blue, 256 GB)","₹16,999","₹23,999",4.1,"5,916 Ratings & 459 Reviews"
"Infinix Note 30 5G (Interstellar Blue, 128 GB)","₹14,999","₹17,999",,
"Infinix Note 30 5G (Interstellar Blue, 256 GB)","₹15,999","₹19,999",4.2,"15,947 Ratings & 2,236 Reviews"
DIZO Star 500,"₹1,769","₹1,999",3.9,"16,135 Ratings & 1,766 Reviews"
"REDMI 11 Prime (Peppy Purple, 64 GB)","₹8,999","₹14,999",4.2,"5,951 Ratings & 320 Reviews"
DIZO Star 300,"₹1,295","₹1,499",3.9,"10,891 Ratings & 1,254 Reviews"
"MOTOROLA Edge 40 (Nebula Green, 256 GB)","₹29,999","₹34,999",4.2,"20,788 Ratings & 3,079 Reviews"
"POCO X5 5G (Supernova Green, 256 GB)","₹16,999","₹23,999",4.1,"5,916 Ratings & 459 Reviews"
"realme 10 (Rush Black, 64 GB)","₹11,499","₹15,999",4.2,"19,610 Ratings & 1,605 Reviews"
A10E,"₹1,349","₹1,599",4.1,"2,017 Ratings & 153 Reviews"
Micromax S114,₹975,"₹1,799",3.7,523 Ratings & 30 Reviews
Micromax S114,₹976,"₹1,799",3.7,523 Ratings & 30 Reviews
"SAMSUNG Galaxy F13 (Sunrise Copper, 64 GB)","₹10,999","₹14,999",4.3,"1,68,478 Ratings & 9,674 Reviews"
"MOTOROLA Edge 40 (Eclipse Black, 256 GB)","₹29,999","₹34,999",4.2,"20,788 Ratings & 3,079 Reviews"
,,,,
"REDMI Note 12 (Ice Blue, 64 GB)","₹12,999","₹18,999",4.1,"13,390 Ratings & 1,157 Reviews"
A10E,"₹1,339","₹1,599",4.1,"2,017 Ratings & 153 Reviews"
"Infinix Note 30 5G (Magic Black, 128 GB)","₹14,999","₹17,999",,
"Infinix Note 30 5G (Magic Black, 256 GB)","₹15,999","₹19,999",4.2,"15,947 Ratings & 2,236 Reviews"
"POCO X5 Pro 5G (Astral Black, 128 GB)","₹19,999","₹25,999",4.3,"12,422 Ratings & 1,358 Reviews"
"SAMSUNG Galaxy F13 (Waterfall Blue, 128 GB)","₹11,999","₹16,999",4.3,"1,68,478 Ratings & 9,674 Reviews"
Snexian Guru 310,₹663,₹833,3.3,"21,770 Ratings & 1,721 Reviews"
"Infinix Smart 6 HD (Force Black, 32 GB)","₹5,799","₹8,999",4.3,"37,089 Ratings & 2,090 Reviews"
"POCO M4 5G (Yellow, 64 GB)","₹11,499","₹15,999",4.2,"92,997 Ratings & 6,438 Reviews"
LAVA A3 Power,"₹1,379","₹1,699",4.1,"2,768 Ratings & 250 Reviews"
Snexian Guru 310,₹670,₹826,3.3,"21,770 Ratings & 1,721 Reviews"
Nokia 105 SS 2021,"₹1,549","₹1,599",4.2,"85,253 Ratings & 6,336 Reviews"
"realme 11 Pro 5G (Sunrise Beige, 256 GB)","₹24,999","₹27,999",4.3,"26,654 Ratings & 2,423 Reviews"
"realme Narzo N55 (Prime Blue, 64 GB)","₹11,145","₹12,999",4.2,"1,532 Ratings & 90 Reviews"
Micromax S114,₹980,"₹1,799",3.7,523 Ratings & 30 Reviews
"REDMI Note 12 5G (Frosted Green, 128 GB)","₹18,999","₹21,999",4.1,"5,397 Ratings & 385 Reviews"
itel Magic X Pro 4G| 2500mAh Big Battery| Expandable Storage upto 64GB,"₹2,384","₹3,199",3.8,"3,747 Ratings & 409 Reviews"
"Google Pixel 6a (Chalk, 128 GB)","₹26,999","₹43,999",4.3,"60,773 Ratings & 7,197 Reviews"
"Google Pixel 6a (Charcoal, 128 GB)","₹26,999","₹43,999",4.3,"60,773 Ratings & 7,197 Reviews"
"Nokia 106 4G Keypad Mobile, Long-Lasting Battery, MicroSD Card Slot","₹2,899","₹2,999",3.9,180 Ratings & 14 Reviews
"SAMSUNG Galaxy M14 5G (ICY Silver, 128 GB)","₹14,380","₹17,990",4.2,815 Ratings & 63 Reviews
"Infinix Smart 6 HD (Aqua Sky, 32 GB)","₹5,799","₹8,999",4.3,"37,089 Ratings & 2,090 Reviews"
"REDMI Note 12 (Sunrise Gold, 128 GB)","₹14,999","₹20,999",4.1,"13,390 Ratings & 1,157 Reviews"
"OnePlus Nord CE 3 Lite 5G (Pastel Lime, 256 GB)","₹21,999",,4.4,"3,696 Ratings & 292 Reviews"
,,,,
,,,,
LAVA A3 VIBE,"₹1,299","₹1,599",4.1,42 Ratings & 5 Reviews
"realme 10 (Rush Black, 128 GB)","₹14,499","₹19,999",4.3,"8,460 Ratings & 601 Reviews"
Snexian GURU 310,₹670,₹999,3.3,"21,770 Ratings & 1,721 Reviews"
"REDMI 12C (Lavender Purple, 64 GB)","₹8,419","₹13,999",4.2,"2,355 Ratings & 134 Reviews"
"REDMI 12c (Matte Black, 128 GB)","₹9,839","₹15,999",4.1,"1,375 Ratings & 69 Reviews"
"REDMI 12C (Matte Black, 64 GB)","₹8,440","₹13,999",4.2,"2,355 Ratings & 134 Reviews"
"REDMI 12C (?Lavender Purple, 128 GB)","₹9,753","₹15,999",4.1,"1,375 Ratings & 69 Reviews"
"REDMI 12C (Royal Blue, 128 GB)","₹8,810","₹14,999",4.2,"2,355 Ratings & 134 Reviews"
itel Magic X Pro 4G| 2500mAh Big Battery| Expandable Storage upto 64GB,"₹2,384","₹3,199",3.8,"3,747 Ratings & 409 Reviews"
"SAMSUNG Galaxy F13 (Nightsky Green, 128 GB)","₹11,999","₹16,999",4.3,"1,68,478 Ratings & 9,674 Reviews"
"vivo Y02t (Sunset Gold, 64 GB)","₹9,999","₹15,999",4.2,850 Ratings & 39 Reviews
"SAMSUNG Galaxy F23 5G (Forest Green, 128 GB)","₹16,999","₹23,999",4.3,"2,07,837 Ratings & 15,818 Reviews"
"vivo Y02t (Cosmic Grey, 64 GB)","₹9,999","₹15,999",4.2,850 Ratings & 39 Reviews
"POCO M4 5G (Yellow, 128 GB)","₹13,499","₹18,999",4.2,"47,352 Ratings & 3,350 Reviews"
itel Magic X Pro 4G| 2500mAh Big Battery| Expandable Storage upto 64GB,"₹2,389","₹3,199",3.8,"3,747 Ratings & 409 Reviews"
"SAMSUNG Galaxy F14 5G (OMG Black, 128 GB)","₹14,990","₹18,490",4.2,"32,611 Ratings & 2,554 Reviews"
"Infinix HOT 20 5G (Space Blue, 64 GB)","₹11,499","₹17,999",4.2,"15,714 Ratings & 1,223 Reviews"
"realme 10 (Clash White, 64 GB)","₹11,499","₹15,999",4.2,"19,610 Ratings & 1,605 Reviews"
I Kall K3310,₹744,₹999,3.6,"64,009 Ratings & 7,374 Reviews"
"SAMSUNG Galaxy F34 5G (Electric Black, 128 GB)","₹20,999","₹25,999",4.1,629 Ratings & 84 Reviews
"REDMI Note 12 Pro 5G (Stardust Purple, 128 GB)","₹23,999","₹27,999",4.2,"32,952 Ratings & 3,211 Reviews"
"SAMSUNG Galaxy F34 5G (Mystic Green, 128 GB)","₹18,999","₹24,499",4.2,"2,430 Ratings & 257 Reviews"
"OPPO A17k (Gold, 64 GB)","₹9,790","₹12,999",4.5,"7,293 Ratings & 194 Reviews"
Kechaoda K55,"₹1,170","₹1,499",3.7,384 Ratings & 17 Reviews
,,,,
,,,,
"POCO M4 Pro (Cool Blue, 128 GB)","₹13,999","₹21,999",4.2,"24,935 Ratings & 1,943 Reviews"
"vivo Y27 (Burgundy Black, 128 GB)","₹14,999","₹18,999",4.4,124 Ratings & 4 Reviews
"realme Narzo N55 (Prime Blue, 128 GB)","₹12,880","₹14,999",4.2,"1,654 Ratings & 85 Reviews"
Micromax X818,"₹1,548","₹2,199",3.9,"3,928 Ratings & 309 Reviews"
"vivo Y27 (Garden Green, 128 GB)","₹14,999","₹18,999",4.4,124 Ratings & 4 Reviews
KARBONN K531,"₹1,391","₹1,790",4,359 Ratings & 37 Reviews
KARBONN K531,"₹1,399","₹1,790",4,359 Ratings & 37 Reviews
"SAMSUNG Galaxy M04 (Dark Blue, 128 GB)","₹8,999","₹13,499",4.1,"5,287 Ratings & 317 Reviews"
"MOTOROLA e40 (Carbon Gray, 64 GB)","₹8,999","₹10,999",4.1,"85,868 Ratings & 7,739 Reviews"
"Tecno Spark Go 2023 6.56 HD+Display 13MP Dual Camera (Orange, 64 GB)","₹7,728","₹9,999",4.1,121 Ratings & 2 Reviews
Nokia 105,"₹1,549","₹1,599",4.2,"16,816 Ratings & 1,567 Reviews"
"vivo Y56 5G (Black Engine, 128 GB)","₹18,999","₹24,999",4.2,"1,874 Ratings & 122 Reviews"
Snexian Rock,"₹1,499","₹1,999",4,"12,418 Ratings & 775 Reviews"
"Infinix Zero 5G 2023 (Coral Orange, 128 GB)","₹14,999","₹24,999",4.1,"7,401 Ratings & 754 Reviews"
Lvix L1 310,₹620,"₹1,499",3.3,200 Ratings & 15 Reviews
Snexian Rock,"₹1,499","₹1,999",4,"12,418 Ratings & 775 Reviews"
KARBONN Y1,₹998,"₹1,190",3.8,264 Ratings & 19 Reviews
"vivo Y02 (Cosmic Grey, 32 GB)","₹8,499","₹12,999",4.2,918 Ratings & 45 Reviews
Snexian GURU 312,₹623,₹999,3.3,"3,730 Ratings & 259 Reviews"
"I Kall King Talking, Contact icon and Auto Call Recording",₹774,,3.6,"18,564 Ratings & 1,643 Reviews"
LAVA A5,"₹1,545","₹1,699",4.1,"13,397 Ratings & 1,242 Reviews"
Micromax J2,₹965,"₹1,549",3.8,800 Ratings & 53 Reviews
"SAMSUNG Galaxy F23 5G (Copper Blush, 128 GB)","₹16,999","₹23,999",4.3,"2,07,837 Ratings & 15,818 Reviews"
"REDMI 12 5G (Jade Black, 256 GB)","₹17,474","₹19,999",4.1,26 Ratings & 5 Reviews
,,,,
,,,,
Micromax S115,₹937,"₹1,599",3.7,696 Ratings & 43 Reviews
Kechaoda A26,₹999,"₹1,499",4,"17,519 Ratings & 1,169 Reviews"
"POCO M5 (Yellow, 128 GB)","₹10,499","₹18,999",4.2,"7,597 Ratings & 497 Reviews"
"SAMSUNG Galaxy F23 5G (Aqua Blue, 128 GB)","₹16,999","₹23,999",4.3,"2,07,837 Ratings & 15,818 Reviews"
"REDMI A2 (Aqua Blue, 32 GB)","₹7,129","₹8,999",4.1,426 Ratings & 27 Reviews
"APPLE iPhone 14 (Purple, 128 GB)","₹67,999","₹79,900",4.6,"47,328 Ratings & 1,797 Reviews"
"Infinix HOT 30 5G (Aurora Blue, 128 GB)","₹13,499","₹16,999",4.2,"4,137 Ratings & 444 Reviews"
SAMSUNG Guru Music 2,"₹2,880","₹2,899",4.3,"2,09,193 Ratings & 19,060 Reviews"
"OnePlus 11R 5G (Sonic Black, 256 GB)","₹43,010","₹44,999",4.5,"5,796 Ratings & 453 Reviews"
"POCO C51 - Locked with Airtel Prepaid (Power Black, 64 GB)","₹5,999","₹9,999",4.1,"60,764 Ratings & 3,361 Reviews"
"realme 11 Pro+ 5G (Oasis Green, 256 GB)","₹29,999","₹32,999",4.3,"6,806 Ratings & 764 Reviews"
"SAMSUNG Galaxy M04 (Light Green, 64 GB)","₹7,999","₹11,999",4.1,"5,287 Ratings & 317 Reviews"
"REDMI Note 12 Pro 5G (Onyx Black, 128 GB)","₹23,999","₹27,999",4.2,"32,952 Ratings & 3,211 Reviews"
"REDMI Note 12 5G (Mystique Blue, 128 GB)","₹16,999","₹19,999",4,"4,124 Ratings & 336 Reviews"
"Infinix HOT 30 5G (Miami Orange, 128 GB)","₹13,499","₹16,999",4.2,"4,137 Ratings & 444 Reviews"
"realme Narzo N55 (Prime Black, 64 GB)","₹10,945","₹12,999",4.2,"1,532 Ratings & 90 Reviews"
LAVA A3 VIBE,"₹1,299","₹1,649",4.6,9 Ratings & 0 Reviews
"POCO X5 Pro 5G (Yellow, 256 GB)","₹21,999","₹28,999",4.3,"15,073 Ratings & 1,555 Reviews"
Nokia 130M DS 2023,"₹2,195","₹2,199",4.2,40 Ratings & 1 Reviews
Nokia 130M DS 2023,"₹2,185","₹2,199",4.2,40 Ratings & 1 Reviews
"realme 11 Pro 5G (Sunrise Beige, 128 GB)","₹23,999","₹25,999",4.3,"26,654 Ratings & 2,423 Reviews"
"realme 11 Pro 5G (Astral Black, 256 GB)","₹24,999","₹27,999",4.3,"26,654 Ratings & 2,423 Reviews"
"Infinix HOT 30 5G (Knight Black, 128 GB)","₹13,499","₹16,999",4.2,"4,137 Ratings & 444 Reviews"
"itel A23S (Ocean Blue, 32 GB)","₹4,799","₹5,999",3.7,469 Ratings & 29 Reviews
,,,,
,,,,
Kechaoda A27,"₹1,040","₹1,499",4,"8,180 Ratings & 579 Reviews"
"REDMI A2 (Classic Black, 32 GB)","₹7,050","₹8,999",4.1,426 Ratings & 27 Reviews
"OnePlus Nord 3 5G (Misty Green, 128 GB)","₹31,985","₹33,999",4.5,573 Ratings & 66 Reviews
"REDMI 12C (Lavender Purple, 128 GB)","₹8,769","₹14,999",4.2,"2,355 Ratings & 134 Reviews"
"REDMI 12C (Mint Green, 128 GB)","₹9,098","₹14,999",4.2,"2,355 Ratings & 134 Reviews"
I Kall K3310,₹744,,3.6,"64,009 Ratings & 7,374 Reviews"
"REDMI 12C (Matte Black, 128 GB)","₹8,900","₹14,999",4.2,"2,355 Ratings & 134 Reviews"
LAVA LF9000,"₹1,689","₹2,099",4.2,172 Ratings & 10 Reviews
KARBONN K531,"₹1,399","₹1,790",4,359 Ratings & 37 Reviews
"REDMI K50i 5G (Stealth Black, 256 GB)","₹23,999","₹35,999",4.2,"2,470 Ratings & 240 Reviews"
"SAMSUNG Galaxy F14 5G (B.A.E. Purple, 128 GB)","₹13,990","₹17,490",4.2,"12,614 Ratings & 939 Reviews"
LAVA Hero 600i,₹898,"₹1,199",4.1,"1,750 Ratings & 115 Reviews"
"realme Narzo N53 (Feather Gold, 128 GB)","₹11,797","₹12,999",4.2,"1,598 Ratings & 87 Reviews"
"OnePlus Nord 3 5G (Tempest Gray, 128 GB)","₹31,229","₹33,999",4.5,573 Ratings & 66 Reviews
"Nokia 6310 Dual SIM Feature Mobile, Wireless FM Radio and Rear Camera","₹3,349","₹4,499",3.9,"2,724 Ratings & 211 Reviews"
"MOTOROLA e13 (Aurora Green, 128 GB)","₹8,999","₹10,999",3.8,328 Ratings & 35 Reviews
LAVA A1 Josh BOL,"₹1,039","₹1,399",4.2,114 Ratings & 11 Reviews
"realme Narzo N53 (Feather Gold, 64 GB)","₹9,895","₹10,999",4.3,"1,247 Ratings & 77 Reviews"
"APPLE iPhone 14 (Starlight, 128 GB)","₹67,999","₹79,900",4.6,"47,328 Ratings & 1,797 Reviews"
"Infinix Zero 5G 2023 (Submariner Black, 128 GB)","₹14,999","₹24,999",4.1,"7,401 Ratings & 754 Reviews"
"SAMSUNG Galaxy F14 5G (GOAT Green, 128 GB)","₹14,990","₹18,490",4.2,"32,611 Ratings & 2,554 Reviews"
Kechaoda A26,₹999,"₹1,499",4,"17,519 Ratings & 1,169 Reviews"
"MOTOROLA g42 (Atlantic Green, 64 GB)","₹12,949","₹16,999",4.2,"10,841 Ratings & 1,112 Reviews"
"OPPO A78 5G (Glowing Black, 128 GB)","₹18,167","₹21,999",4.4,"2,623 Ratings & 131 Reviews"
,,,,
,,,,
"REDMI Note 12 (Sunrise Gold, 128 GB)","₹14,999","₹20,999",4.1,"13,390 Ratings & 1,157 Reviews"
GFive U707,₹725,₹799,3.5,"13,962 Ratings & 1,321 Reviews"
"POCO F1 (Steel Blue, 128 GB)","₹12,990","₹24,999",4.5,"2,44,866 Ratings & 30,053 Reviews"
HOTLINE H6700,₹649,₹999,3.3,273 Ratings & 20 Reviews
Kechaoda 888,"₹1,789","₹1,999",4.1,282 Ratings & 25 Reviews
SAMSUNG Guru Music 2,,,4.3,"2,09,193 Ratings & 19,060 Reviews"
Micromax X708,"₹1,335","₹1,799",3.9,"3,627 Ratings & 251 Reviews"
"realme 11 Pro 5G (Oasis Green, 128 GB)","₹23,999","₹25,999",4.3,"26,654 Ratings & 2,423 Reviews"
"OnePlus Nord 3 5G (Tempest Gray, 256 GB)","₹36,597","₹37,999",4.3,223 Ratings & 19 Reviews
"REDMI Note 12 5G (Matte Black, 128 GB)","₹16,999","₹19,999",4,"4,124 Ratings & 336 Reviews"
Micromax X708,"₹1,340","₹1,799",3.9,"3,627 Ratings & 251 Reviews"
"realme 11 Pro 5G (Sunrise Beige, 256 GB)","₹27,999","₹30,999",4.2,550 Ratings & 46 Reviews
LAVA A1 2021,"₹1,129","₹1,449",4,"5,311 Ratings & 425 Reviews"
"realme 11 Pro+ 5G (Sunrise Beige, 256 GB)","₹29,999","₹32,999",4.3,"6,806 Ratings & 764 Reviews"
LAVA A1 2021,"₹1,195","₹1,499",4,"5,311 Ratings & 425 Reviews"
"realme 11 Pro+ 5G (Oasis Green, 256 GB)","₹27,999","₹29,999",4.3,"21,727 Ratings & 2,365 Reviews"
"POCO M4 5G (Cool Blue, 64 GB)","₹11,499","₹15,999",4.2,"92,997 Ratings & 6,438 Reviews"
"realme Narzo N55 (Prime Black, 128 GB)","₹12,900","₹14,999",4.2,"1,654 Ratings & 85 Reviews"
itel iPower 430 Triple sim|2500 mAh Battery|Expandable Storage upto 32GB,"₹1,539","₹1,899",3.9,125 Ratings & 5 Reviews
KARBONN K531,"₹1,395","₹1,790",4,359 Ratings & 37 Reviews
LAVA LF9000,"₹1,689","₹2,099",4.2,172 Ratings & 10 Reviews
"REDMI 12 5G (Jade Black, 128 GB)","₹14,924","₹17,999",4.3,71 Ratings & 5 Reviews
"OnePlus 11R 5G (Sonic Black, 128 GB)","₹38,900","₹39,999",4.5,"6,922 Ratings & 620 Reviews"
"REDMI 12 5G (Jade Black, 128 GB)","₹14,879","₹15,999",4,33 Ratings & 3 Reviews
,,,,
,,,,
"REDMI 12 5G (Jade Black, 128 GB)","₹14,879","₹15,999",,
"MOTOROLA g72 (Meteorite Grey, 128 GB)","₹14,999","₹21,999",4.1,"19,301 Ratings & 2,446 Reviews"
Kechaoda A27,₹990,"₹1,462",4,"8,180 Ratings & 579 Reviews"
"REDMI 12 5G (Moonstone Silver, 128 GB)","₹16,188","₹17,999",4.3,71 Ratings & 5 Reviews
"REDMI 9 Activ (Carbon Black, 128 GB)","₹11,499","₹12,999",4.2,"6,349 Ratings & 399 Reviews"
"POCO M5 (Yellow, 128 GB)","₹10,499","₹18,999",4.2,"7,597 Ratings & 497 Reviews"
"OPPO A17 (Lake Blue, 64 GB)","₹11,999","₹14,999",4.3,"9,559 Ratings & 415 Reviews"
Micromax X379+,"₹1,040","₹1,899",3.4,255 Ratings & 22 Reviews
Micromax X379+,"₹1,040","₹1,899",3.4,255 Ratings & 22 Reviews
"REDMI 12 5G (Pastel Blue, 128 GB)","₹15,960","₹17,999",,
"REDMI 12 5G (Jade Black, 128 GB)","₹14,924","₹17,999",,
Snexian GURU 312,₹663,₹999,3.3,"3,730 Ratings & 259 Reviews"
"SAMSUNG Galaxy M04 (Dark Blue, 128 GB)","₹8,999","₹13,499",4.1,"5,287 Ratings & 317 Reviews"
"vivo Y27 (Garden Green, 128 GB)","₹14,999","₹18,999",4.4,124 Ratings & 4 Reviews
"vivo Y27 (Burgundy Black, 128 GB)","₹14,999","₹18,999",4.4,124 Ratings & 4 Reviews
"vivo Y02 (Cosmic Grey, 32 GB)","₹8,499","₹12,999",4.2,918 Ratings & 45 Reviews
"POCO M4 Pro (Cool Blue, 128 GB)","₹13,999","₹21,999",4.2,"24,935 Ratings & 1,943 Reviews"
"MOTOROLA Edge 30 Ultra (Interstellar Black, 256 GB)","₹49,999","₹74,999",4.2,"1,172 Ratings & 188 Reviews"
"realme 11 Pro+ 5G (Sunrise Beige, 256 GB)","₹27,999","₹29,999",4.3,"21,727 Ratings & 2,365 Reviews"
"realme 11 Pro+ 5G (Astral Black, 256 GB)","₹27,999","₹29,999",4.3,"21,727 Ratings & 2,365 Reviews"
"realme Narzo N55 (Prime Blue, 128 GB)","₹12,880","₹14,999",4.2,"1,654 Ratings & 85 Reviews"
Nokia 105 DS,"₹1,595","₹1,699",4.2,"18,341 Ratings & 1,809 Reviews"
"realme 11 Pro+ 5G (Astral Black, 256 GB)","₹29,999","₹32,999",4.3,"6,806 Ratings & 764 Reviews"
Micromax X818,"₹1,548","₹2,199",3.9,"3,928 Ratings & 309 Reviews"
,,,,
,,,,
Nokia 130 M DS 2023,"₹2,189","₹2,199",4.1,10 Ratings & 0 Reviews
"realme 10 Pro+ 5G (Hyperspace, 128 GB)","₹21,999","₹25,999",4.4,"29,805 Ratings & 2,585 Reviews"
Lvix L1 310,₹620,"₹1,499",3.3,200 Ratings & 15 Reviews
KARBONN K531,"₹1,391","₹1,790",4,359 Ratings & 37 Reviews
KARBONN K531,"₹1,399","₹1,790",4,359 Ratings & 37 Reviews
"realme 10 Pro+ 5G (Hyperspace, 128 GB)","₹22,999","₹27,999",4.4,"22,183 Ratings & 1,873 Reviews"
"realme 10 Pro+ 5G (Nebula Blue, 128 GB)","₹21,999","₹25,999",4.4,"29,805 Ratings & 2,585 Reviews"
"MOTOROLA e40 (Carbon Gray, 64 GB)","₹8,999","₹10,999",4.1,"85,868 Ratings & 7,739 Reviews"
"REDMI Note 12 Pro 5G (Stardust Purple, 256 GB)","₹26,999","₹31,999",4.2,"17,099 Ratings & 1,636 Reviews"
LAVA A1 2021,"₹1,129","₹1,449",4,"5,311 Ratings & 425 Reviews"
"Tecno Spark Go 2023 6.56 HD+Display 13MP Dual Camera (Orange, 64 GB)","₹7,728","₹9,999",4.1,121 Ratings & 2 Reviews
Nokia 105,"₹1,549","₹1,599",4.2,"16,816 Ratings & 1,567 Reviews"
Snexian Rock,"₹1,499","₹1,999",4,"12,418 Ratings & 775 Reviews"
"OnePlus 11R 5G (Sonic Black, 128 GB)","₹38,833","₹39,999",4.5,"6,922 Ratings & 620 Reviews"
GFive U873,₹699,₹999,3.5,"11,182 Ratings & 1,006 Reviews"
LAVA A5,"₹1,545","₹1,699",4.1,"13,397 Ratings & 1,242 Reviews"
"Infinix Zero 5G 2023 (Coral Orange, 128 GB)","₹14,999","₹24,999",4.1,"7,401 Ratings & 754 Reviews"
"REDMI K50i 5G (Quick Silver, 256 GB)","₹23,999","₹35,999",4.2,"2,470 Ratings & 240 Reviews"
Snexian Rock,"₹1,499","₹1,999",4,"12,418 Ratings & 775 Reviews"
KARBONN Y1,₹998,"₹1,190",3.8,264 Ratings & 19 Reviews
Snexian GURU 312,₹623,₹999,3.3,"3,730 Ratings & 259 Reviews"
"I Kall King Talking, Contact icon and Auto Call Recording",₹774,,3.6,"18,564 Ratings & 1,643 Reviews"
"REDMI Note 12 Pro+ 5G (Obsidian Black, 256 GB)","₹29,999","₹33,999",4.2,"14,935 Ratings & 1,558 Reviews"
I Kall K26,₹749,"₹1,349",3.5,602 Ratings & 92 Reviews
,,,,
,,,,
"vivo Y56 5G (Black Engine, 128 GB)","₹18,999","₹24,999",4.2,"1,874 Ratings & 122 Reviews"
"realme 10 Pro 5G (Dark Matter, 128 GB)","₹19,999","₹22,999",4.3,"30,261 Ratings & 2,210 Reviews"
"OnePlus 11 5G (Marble Odyssey, 256 GB)","₹59,999","₹64,999",4.5,825 Ratings & 82 Reviews
"SAMSUNG Galaxy F23 5G (Copper Blush, 128 GB)","₹16,999","₹23,999",4.3,"2,07,837 Ratings & 15,818 Reviews"
I Kall K3310,₹744,,3.6,"64,009 Ratings & 7,374 Reviews"
I Kall K3310,₹744,,3.6,"64,009 Ratings & 7,374 Reviews"
"REDMI Note 12 Pro+ 5G (Obsidian Black, 256 GB)","₹29,999","₹33,999",4.2,"14,935 Ratings & 1,558 Reviews"
"REDMI 12 5G (Jade Black, 256 GB)","₹17,474","₹19,999",4.1,26 Ratings & 5 Reviews
Micromax J2,₹965,"₹1,549",3.8,800 Ratings & 53 Reviews
"Nokia 105 Single SIM, Keypad Mobile Phone with Wireless FM Radio","₹1,649","₹1,699",4.1,"41,054 Ratings & 2,561 Reviews"
"MOTOROLA Edge 30 (Meteor Grey, 128 GB)","₹22,999","₹34,999",4.1,"7,300 Ratings & 939 Reviews"
"POCO M4 Pro (Yellow, 128 GB)","₹13,999","₹21,999",4.2,"24,935 Ratings & 1,943 Reviews"
"REDMI A1 (Light Green, 32 GB)","₹6,495","₹8,999",4.2,"8,747 Ratings & 413 Reviews"
Snexian GURU 312,₹623,₹999,3.3,"3,730 Ratings & 259 Reviews"
KARBONN K9 Yuva,"₹1,294","₹1,490",3.9,976 Ratings & 66 Reviews
GFive U873,₹699,₹999,3.5,"11,182 Ratings & 1,006 Reviews"
"REDMI Note 12 5G (Frosted Green, 256 GB)","₹20,999","₹23,999",4.1,"1,481 Ratings & 116 Reviews"
Kechaoda K115,"₹1,119","₹1,499",4.1,"31,788 Ratings & 2,357 Reviews"
GFive U707,₹725,₹999,3.5,"13,962 Ratings & 1,321 Reviews"
"SAMSUNG GALAXY M13 (Midnight Blue, 128 GB)","₹12,795","₹17,999",4.2,"1,206 Ratings & 63 Reviews"
KARBONN Y1,₹998,"₹1,190",3.8,264 Ratings & 19 Reviews
"Tecno Spark Go 2023 (Endless Black, 32+3 GB)","₹6,898","₹8,299",4,554 Ratings & 42 Reviews
"Tecno Camon20 Predawn 64MP RGBW Camera (Serenity Blue, 256 GB)","₹13,695","₹17,999",4.3,157 Ratings & 11 Reviews
Kechaoda K115,"₹1,110","₹1,599",4.1,"31,788 Ratings & 2,357 Reviews"
,,,,
,,,,
I Kall K26,₹749,"₹1,349",3.5,602 Ratings & 92 Reviews
"SAMSUNG Galaxy F14 5G (OMG Black, 128 GB)","₹13,990","₹17,490",4.2,"12,614 Ratings & 939 Reviews"
DIZO Star 300,"₹1,343","₹1,499",3.9,"10,891 Ratings & 1,254 Reviews"
"I Kall S1 Pro (Jordy Blue, 128 GB)","₹9,999","₹11,999",3.6,231 Ratings & 15 Reviews
itel it5026 Keypad Mobile|1200 mAh battery|Expandable Storage upto 32GB,"₹1,289","₹1,699",4,"1,397 Ratings & 129 Reviews"
"OnePlus 11R 5G (Sonic Black, 128 GB)","₹39,553","₹39,999",4.5,"6,922 Ratings & 620 Reviews"
"realme 10 Pro+ 5G (Dark Matter, 128 GB)","₹21,999","₹25,999",4.4,"29,805 Ratings & 2,585 Reviews"
"Nokia 110 4G with Volte HD Calls, Up to 32GB External Memory, FM Radio","₹2,999","₹3,499",3.8,"2,311 Ratings & 230 Reviews"
"REDMI Note 12 5G (Matte Black, 256 GB)","₹20,999","₹23,999",4.1,"1,481 Ratings & 116 Reviews"
"realme 10 Pro 5G (Dark Matter, 128 GB)","₹18,999","₹20,999",4.3,"36,395 Ratings & 2,635 Reviews"
"realme 10 Pro 5G (Nebula Blue, 128 GB)","₹19,999","₹22,999",4.3,"30,261 Ratings & 2,210 Reviews"
Kechaoda K115,"₹1,129","₹1,499",4.1,"31,788 Ratings & 2,357 Reviews"
"POCO X4 Pro 5G (Laser Blue, 128 GB)","₹17,999","₹25,999",4.2,"23,691 Ratings & 2,281 Reviews"
"realme 10 Pro 5G (Hyperspace, 128 GB)","₹19,999","₹22,999",4.3,"30,261 Ratings & 2,210 Reviews"
"realme 10 Pro 5G (Hyperspace, 128 GB)","₹18,999","₹20,999",4.3,"36,395 Ratings & 2,635 Reviews"
"realme 10 Pro 5G (Nebula Blue, 128 GB)","₹18,999","₹20,999",4.3,"36,395 Ratings & 2,635 Reviews"
Kechaoda K66 The Music House 4,"₹1,195","₹1,999",3.9,"18,642 Ratings & 1,351 Reviews"
itel iPower 430 Triple sim|2500 mAh Battery|Expandable Storage upto 32GB,"₹1,539","₹1,899",3.9,125 Ratings & 5 Reviews
"REDMI Note 12 5G (Sunrise Gold, 256 GB)","₹20,999","₹23,999",4.1,"1,481 Ratings & 116 Reviews"
"REDMI 12 5G (Pastel Blue, 256 GB)","₹17,130","₹19,999",4.1,26 Ratings & 5 Reviews
"realme GT 2 (Paper White, 128 GB)","₹24,999","₹39,999",4.3,"17,556 Ratings & 1,942 Reviews"
"REDMI 12 5G (Moonstone Silver, 256 GB)","₹16,943","₹19,999",4.1,26 Ratings & 5 Reviews
"SAMSUNG Galaxy A14 5G (Black, 128 GB)","₹17,999","₹20,999",4.1,"3,606 Ratings & 248 Reviews"
"realme GT 2 (Steel Black, 128 GB)","₹24,999","₹39,999",4.3,"17,556 Ratings & 1,942 Reviews"
,,,,
,,,,
"realme 10 Pro 5G (Nebula Blue, 128 GB)","₹18,999","₹20,999",4.3,"36,395 Ratings & 2,635 Reviews"
"Infinix Note 12 (Force Black, 64 GB)","₹10,499","₹15,999",4.2,"27,939 Ratings & 2,676 Reviews"
"realme GT 2 (Steel Black, 128 GB)","₹24,999","₹39,999",4.3,"17,556 Ratings & 1,942 Reviews"
"realme GT 2 (Paper White, 128 GB)","₹24,999","₹39,999",4.3,"17,556 Ratings & 1,942 Reviews"
Kechaoda K115,"₹1,120","₹1,599",4.1,"31,788 Ratings & 2,357 Reviews"
Micromax J2,₹965,"₹1,549",3.8,800 Ratings & 53 Reviews
"SAMSUNG Galaxy A14 5G (Black, 128 GB)","₹17,999","₹20,999",4.1,"3,606 Ratings & 248 Reviews"
itel It2175 Keypad Mobile|1200 mAh battery|Expandable Storage upto 32GB,"₹1,095","₹1,499",4,776 Ratings & 56 Reviews
Kechaoda A27,₹998,"₹1,499",4,"8,180 Ratings & 579 Reviews"
itel it5026 Keypad Mobile|1200 mAh battery|Expandable Storage upto 32GB,"₹1,289","₹1,699",4,"1,397 Ratings & 129 Reviews"
Kechaoda K115,"₹1,110","₹1,599",4.1,"31,788 Ratings & 2,357 Reviews"
KARBONN K140 Pop,₹999,"₹1,090",3.9,"5,482 Ratings & 473 Reviews"
"IQOO Z7s 5G (Norway Blue, 128 GB)","₹19,122","₹23,999",4.3,799 Ratings & 49 Reviews
"SAMSUNG Galaxy M34 5G (Waterfall Blue, 128 GB)","₹23,791","₹25,999",,
KARBONN K531,"₹1,365","₹1,790",4,359 Ratings & 37 Reviews
KARBONN K531,"₹1,390","₹1,790",4,359 Ratings & 37 Reviews
"realme Narzo N53 (Feather Gold, 64 GB)","₹9,899","₹10,999",4.3,"1,247 Ratings & 77 Reviews"
"OnePlus 10R (Forest Green, 128 GB)","₹29,575","₹38,999",4.3,"3,525 Ratings & 226 Reviews"
Snexian Rock,"₹1,499","₹1,999",4,"12,418 Ratings & 775 Reviews"
Kechaoda K10,"₹1,100","₹1,277",3.9,"14,743 Ratings & 942 Reviews"
KARBONN K140 Pop,₹999,"₹1,090",3.9,"5,482 Ratings & 473 Reviews"
"realme Narzo N53 (Feather Gold, 128 GB)","₹12,310","₹12,999",4.2,"1,598 Ratings & 87 Reviews"
"POCO F5 5G (Snowstorm White, 256 GB)","₹27,999","₹34,999",4.3,"6,560 Ratings & 956 Reviews"
Micromax X412,₹917,"₹1,215",3.9,"17,712 Ratings & 1,458 Reviews"
,,,,
,,,,
LAVA A1 2021,"₹1,149","₹1,499",4.1,"2,381 Ratings & 215 Reviews"
GFive U106,₹719,"₹1,099",3.4,"2,602 Ratings & 210 Reviews"
"APPLE iPhone 14 (Blue, 128 GB)","₹67,999","₹79,900",4.6,"47,328 Ratings & 1,797 Reviews"
"vivo V27 5G (Magic Blue, 128 GB)","₹32,390","₹35,999",4.4,"21,378 Ratings & 2,380 Reviews"
"OnePlus Nord CE3 5G (Grey Shimmer, 256 GB)","₹28,988","₹28,999",4.4,143 Ratings & 15 Reviews
Micromax X413,₹925,"₹1,499",4,"3,734 Ratings & 292 Reviews"
SAMSUNG Guru Music 2,"₹2,499","₹2,899",4.3,"2,09,193 Ratings & 19,060 Reviews"
"SAMSUNG GALAXY M13 (Aqua Green, 64 GB)","₹10,990","₹14,999",4.2,"4,135 Ratings & 246 Reviews"
Kechaoda K10,"₹1,080","₹1,284",3.9,"14,743 Ratings & 942 Reviews"
Good One 2192,"₹1,049","₹1,999",3.8,"1,385 Ratings & 252 Reviews"
GFive U707,₹725,₹999,3.5,"13,962 Ratings & 1,321 Reviews"
itel IT5626,"₹1,799","₹1,899",4,"1,883 Ratings & 179 Reviews"
LAVA A3,"₹1,464","₹1,499",4.2,"29,013 Ratings & 2,894 Reviews"
KARBONN K9,"₹1,295","₹1,529",4.1,"8,192 Ratings & 668 Reviews"
"Nokia 105 PDS ,Keypad Mobile Phone with FM Radio, Memory Card Slot","₹1,474","₹1,899",4.2,947 Ratings & 77 Reviews
"realme GT 2 (Steel Black, 256 GB)","₹28,999","₹44,999",4.4,"1,525 Ratings & 188 Reviews"
Micromax J2,₹960,"₹1,549",3.8,800 Ratings & 53 Reviews
"realme GT 2 (Paper White, 256 GB)","₹28,999","₹44,999",4.4,"1,525 Ratings & 188 Reviews"
"POCO F5 5G (Carbon Black, 256 GB)","₹27,999","₹34,999",4.3,"6,560 Ratings & 956 Reviews"
"REDMI A1 (Black, 32 GB)","₹6,490","₹8,999",4.2,"8,747 Ratings & 413 Reviews"
Kechaoda K115,"₹1,110","₹1,599",4.1,"31,788 Ratings & 2,357 Reviews"
itel IT5626,"₹1,799","₹2,199",4,"1,883 Ratings & 179 Reviews"
Kechaoda A20,₹999,,3.8,698 Ratings & 47 Reviews
Kechaoda K115,"₹1,090","₹1,399",4.1,"31,788 Ratings & 2,357 Reviews"
,,,,
,,,,
"POCO F5 5G (Carbon Black, 256 GB)","₹27,999","₹34,999",4.3,"6,560 Ratings & 956 Reviews"
"realme 9i 5G (Soulful Blue, 128 GB)","₹16,999","₹19,999",4.3,"10,366 Ratings & 698 Reviews"
itel IT5626,"₹1,799","₹2,199",4,"1,883 Ratings & 179 Reviews"
Kechaoda A20,₹999,,3.8,698 Ratings & 47 Reviews
GFive U106,₹725,₹999,3.4,"2,602 Ratings & 210 Reviews"
"OPPO F21s Pro (Dawnlight Gold, 128 GB)","₹21,999","₹27,999",,
Kechaoda K33,"₹1,150","₹1,499",4,"9,057 Ratings & 582 Reviews"
LAVA A1 Josh Bol,"₹1,099","₹1,399",3.9,15 Ratings & 0 Reviews
SAMSUNG Guru Music 2,"₹2,499","₹2,899",4.3,"2,09,193 Ratings & 19,060 Reviews"
GFive U220+,₹665,₹999,3.5,"5,639 Ratings & 611 Reviews"
"realme Narzo 60 5G (?Cosmic Black, 128 GB)","₹18,737","₹19,999",,
"Tecno Spark 10 50MP AI Dual Rear Camera HD Display (Meta Blue, 128 GB)","₹11,090","₹13,499",4.5,57 Ratings & 0 Reviews
"realme 9i 5G (Soulful Blue, 64 GB)","₹14,999","₹17,999",4.5,"52,418 Ratings & 2,595 Reviews"
Kechaoda K28,"₹1,265","₹1,499",4.1,"3,285 Ratings & 274 Reviews"
Kechaoda K90,"₹1,449","₹1,999",3.6,526 Ratings & 55 Reviews
Kechaoda K28,"₹1,299","₹1,999",4.1,"3,285 Ratings & 274 Reviews"
GFive U220+,₹665,₹999,3.5,"5,639 Ratings & 611 Reviews"
"SAMSUNG Galaxy S20 FE 5G (Cloud Navy, 128 GB)","₹28,499","₹64,641",4.2,"2,309 Ratings & 151 Reviews"
"REDMI Note 12 Pro 5G (Onyx Black, 256 GB)","₹26,999","₹31,999",4.2,"17,099 Ratings & 1,636 Reviews"
itel IT5626,"₹1,799","₹1,899",4,"1,883 Ratings & 179 Reviews"
"SAMSUNG Galaxy M34 5G (Waterfall Blue, 128 GB)","₹18,235","₹24,499",,
"Infinix GT10 Pro (Cyber Black, 256 GB)","₹19,999","₹24,999",4.1,"4,246 Ratings & 958 Reviews"
"Infinix GT10 Pro (Mirage Silver, 256 GB)","₹19,999","₹24,999",,
Micromax J2,₹965,"₹1,399",3.8,800 Ratings & 53 Reviews
,,,,
KARBONN K9 Yuva,"₹1,290","₹1,390",3.9,976 Ratings & 66 Reviews
Micromax J2,₹965,"₹1,399",3.8,800 Ratings & 53 Reviews
SAMSUNG SM-B310EZDDINS,"₹2,620","₹2,899",3.3,45 Ratings & 5 Reviews
Jmax J06,₹699,"₹1,299",3.6,139 Ratings & 10 Reviews
FLOUNDER SM GURU 1200 SM GT E2K20,"₹1,399","₹2,499",,
GFive C3 Card,₹999,"₹1,999",3.7,663 Ratings & 41 Reviews
Kechaoda K90,"₹1,449","₹1,999",3.6,526 Ratings & 55 Reviews
"REDMI Note 12 5G (Frosted Green, 128 GB)","₹16,999","₹19,999",4,"4,124 Ratings & 336 Reviews"
Kechaoda K115,"₹1,099","₹1,499",4.1,"31,788 Ratings & 2,357 Reviews"
Kechaoda K28,"₹1,270","₹1,499",4.1,"3,285 Ratings & 274 Reviews"
"REDMI Note 12 Pro+ 5G (Iceberg Blue, 256 GB)","₹29,999","₹33,999",4.2,"14,935 Ratings & 1,558 Reviews"
KARBONN K9 Yuva,"₹1,270","₹1,490",3.9,976 Ratings & 66 Reviews
Kechaoda K28,"₹1,299","₹1,999",4.1,"3,285 Ratings & 274 Reviews"
itel MagicX 4G| 1200 mAh battery| Expanadable Storage upto 64GB,"₹2,239","₹2,899",3.9,734 Ratings & 60 Reviews
"IQOO Z7S 5G (Pacific Night, 128 GB)","₹20,196","₹24,999",4.3,765 Ratings & 44 Reviews
itel MagicX 4G| 1200 mAh battery| Expanadable Storage upto 64GB,"₹2,139","₹2,899",3.9,734 Ratings & 60 Reviews
Kechaoda K28,"₹1,270","₹1,390",4.1,"3,285 Ratings & 274 Reviews"
Kechaoda K28,"₹1,265","₹1,499",4.1,"3,285 Ratings & 274 Reviews"
LAVA Hero 1800,"₹1,599",,3.9,8 Ratings & 0 Reviews
"Nokia 105 PDS, Keypad Mobile Phone with FM Radio, Memory Card Slot","₹1,474","₹1,899",4.1,"1,484 Ratings & 95 Reviews"
Kechaoda K300,"₹1,175","₹1,499",4,133 Ratings & 13 Reviews
Micromax X415,₹978,"₹1,899",3.8,"1,024 Ratings & 80 Reviews"
Kechaoda K10,"₹1,060","₹1,199",3.9,"14,743 Ratings & 942 Reviews"
"POCO F5 5G (Electric Blue, 256 GB)","₹27,999","₹34,999",4.3,"6,560 Ratings & 956 Reviews"
,,,,
,,,,
"realme 9i 5G (Rocking Black, 128 GB)","₹16,999","₹19,999",4.3,"10,366 Ratings & 698 Reviews"
"realme 9i 5G (Rocking Black, 64 GB)","₹14,999","₹17,999",4.5,"52,418 Ratings & 2,595 Reviews"
Nokia 105 SS 2023,"₹1,469","₹1,599",3.8,494 Ratings & 39 Reviews
"LAVA YUVA 2 PRO (GLASS LAVENDER, 64 GB)","₹8,499","₹9,999",4.1,369 Ratings & 28 Reviews
HOTLINE H101,₹649,"₹1,099",,
"Nokia 2660 Flip 4G Volte Black keypad Mobile with Dual Sim & Screen, MP3 Player","₹4,449","₹5,899",4.2,138 Ratings & 8 Reviews
"OPPO A17 (Midnight Black, 64 GB)","₹11,999","₹14,999",4.3,"9,559 Ratings & 415 Reviews"
"Nokia 106 4G Keypad Mobile, Long-Lasting Battery, MicroSD Card Slot","₹2,629","₹2,999",3.9,180 Ratings & 14 Reviews
"Infinix Hot 20 5G (Space Blue, 128 GB)","₹13,499","₹19,999",4.1,"7,743 Ratings & 674 Reviews"
"Infinix Hot 20 5G (Blaster Green, 128 GB)","₹13,499","₹19,999",4.1,"7,743 Ratings & 674 Reviews"
GFive L228,"₹1,099","₹1,999",3.3,411 Ratings & 51 Reviews
itel it5029 Keypad Mobile|1200 mAh battery|Expandable Storage upto 32GB,"₹1,329","₹1,799",3.9,90 Ratings & 7 Reviews
itel it5029 Keypad Mobile|1200 mAh battery|Expandable Storage upto 32GB,"₹1,329","₹1,799",3.9,90 Ratings & 7 Reviews
itel it5029 Keypad Mobile|1200 mAh battery|Expandable Storage upto 32GB,"₹1,329","₹1,799",3.9,90 Ratings & 7 Reviews
"OPPO A17 (Lake Blue, 64 GB)","₹11,268","₹14,999",4.3,"9,559 Ratings & 415 Reviews"
"MOTOROLA Edge 30 (Aurora Green, 128 GB)","₹22,999","₹34,999",4.1,"7,300 Ratings & 939 Reviews"
Micromax X809,"₹1,340","₹1,999",3.7,"5,709 Ratings & 496 Reviews"
"Nokia 5310 DS Keypad Mobile, FM Radio,Camera with Flash (8MB RAM)","₹3,924","₹4,299",4.2,"9,376 Ratings & 663 Reviews"
"OnePlus Ce2 Lite to CPH2381 (Blue Tide, 128 GB)","₹17,974","₹19,999",4.3,251 Ratings & 16 Reviews
"Infinix Hot 12 (Exploratory Blue, 64 GB)","₹8,999","₹12,999",4.2,"29,759 Ratings & 2,001 Reviews"
"Infinix Hot 12 (Polar Black, 64 GB)","₹8,999","₹12,999",4.2,"29,759 Ratings & 2,001 Reviews"
Micromax X818,"₹1,997","₹1,999",3.9,"3,928 Ratings & 309 Reviews"
"LAVA YUVA 2 PRO (Glass Green, 64 GB)","₹8,685","₹9,999",4.1,369 Ratings & 28 Reviews
KARBONN K9 Yuva,"₹1,259","₹1,490",3.9,976 Ratings & 66 Reviews
,,,,
,,,,
itel It2175 Keypad Mobile|1200 mAh battery|Expandable Storage upto 32GB,"₹1,097","₹1,499",4,776 Ratings & 56 Reviews
Nokia 110 (2023),"₹1,929","₹2,099",3.9,50 Ratings & 2 Reviews
"realme Narzo 60 5g (Cosmic Black, 256 GB)","₹20,820","₹20,999",4.3,380 Ratings & 29 Reviews
"vivo Y16 (Steller Black, 64 GB)","₹11,688","₹15,999",4.3,"4,180 Ratings & 242 Reviews"
itel Power 200| 2500 mAh battery| Expandable Storage upto 32GB,"₹1,349","₹1,749",3.7,12 Ratings & 0 Reviews
"realme GT NEO 2 (NEO Black, 256 GB)","₹25,999","₹38,999",4.4,"4,794 Ratings & 662 Reviews"
HOTLINE H310,₹649,"₹1,099",3.4,338 Ratings & 23 Reviews
itel Muzik 110| 1900 mAh battery| Expandable Storage upto 32GB,"₹1,179","₹1,299",4.1,475 Ratings & 44 Reviews
UiSmart Ui-06,"₹1,650","₹2,499",4,"2,058 Ratings & 197 Reviews"
"REDMI 11 Prime (Flashy Black, 64 GB)","₹8,999","₹14,999",4.2,"5,951 Ratings & 320 Reviews"
Kechaoda K66 The Music House 4,"₹1,299","₹1,999",3.9,"18,642 Ratings & 1,351 Reviews"
itel it2163s,"₹1,039","₹1,429",4,231 Ratings & 13 Reviews
Kechaoda A27,"₹1,080","₹1,499",4,"8,180 Ratings & 579 Reviews"
"SAMSUNG Galaxy M14 5G (Berry Blue, 128 GB)","₹13,381","₹17,990",4.2,815 Ratings & 63 Reviews
Jmax J06,₹699,"₹1,199",3.6,139 Ratings & 10 Reviews
Kechaoda K9,"₹1,399","₹1,999",4.1,"2,857 Ratings & 257 Reviews"
itel it5026 Keypad Mobile|1200 mAh battery|Expandable Storage upto 32GB,"₹1,289","₹1,699",4,"1,397 Ratings & 129 Reviews"
"Tecno Spark Go 2023 (UYUNI BLUE, 32+3 GB)","₹6,798","₹8,299",4,554 Ratings & 42 Reviews
Micromax X513+,"₹1,151","₹1,799",3.8,"3,091 Ratings & 205 Reviews"
UiSmart Ui-06,"₹1,599","₹1,999",4,"2,058 Ratings & 197 Reviews"
Kechaoda K9,"₹1,299","₹1,499",4.1,"2,857 Ratings & 257 Reviews"
"MOTOROLA Edge 40 (Lunar Blue, 256 GB)","₹29,999","₹34,999",4.2,"20,788 Ratings & 3,079 Reviews"
"Infinix Hot 12 (7° Purple, 64 GB)","₹8,999","₹12,999",4.2,"29,759 Ratings & 2,001 Reviews"
"realme Narzo 50i Prime (Mint Green, 64 GB)","₹8,995","₹9,999",4.1,747 Ratings & 35 Reviews
,,,,
,,,,
GFive V8,₹699,₹999,3.7,"1,375 Ratings & 102 Reviews"
Kechaoda A27,₹998,"₹1,499",4,"8,180 Ratings & 579 Reviews"
"realme C30s (Night Black, 64 GB)","₹8,469","₹11,999",4.2,"7,143 Ratings & 406 Reviews"
"SAMSUNG GALAXY M13 5G (Aqua Green, 64 GB)","₹12,554","₹16,999",4.2,"1,162 Ratings & 65 Reviews"
"SAMSUNG Galaxy M33 5G (Emerald Brown, 128 GB)","₹18,599","₹25,999",4.2,"3,885 Ratings & 274 Reviews"
"REDMI Note 11S (Polar White, 64 GB)","₹13,599","₹19,999",4.1,"4,069 Ratings & 310 Reviews"
Kechaoda A 27,₹999,"₹2,480",4,53 Ratings & 0 Reviews
UiSmart Ui-06,"₹1,599","₹1,997",4,"2,058 Ratings & 197 Reviews"
"REDMI Note 12 Pro+ 5G (Arctic White, 256 GB)","₹29,999","₹33,999",4.2,"14,935 Ratings & 1,558 Reviews"
"APPLE iPhone 14 (Midnight, 256 GB)","₹77,999","₹89,900",4.6,"47,328 Ratings & 1,797 Reviews"
"Nokia 150 Dual Sim Keypad Mobile, Wireless FM radio, Bluetooth, MP3 player","₹2,799",,4.1,"24,845 Ratings & 1,869 Reviews"
Jmax J06,₹699,"₹1,299",3.6,139 Ratings & 10 Reviews
"realme GT NEO 2 (NEO Blue, 256 GB)","₹25,999","₹38,999",4.4,"4,794 Ratings & 662 Reviews"
"Infinix Hot 12 (Turquoise Cyan, 64 GB)","₹8,999","₹12,999",4.2,"29,759 Ratings & 2,001 Reviews"
"itel A60 (VertMenthe, 32 GB)","₹5,978","₹7,199",4.1,230 Ratings & 15 Reviews
Kechaoda K66 The Music House 4,"₹1,299","₹1,999",3.9,"18,642 Ratings & 1,351 Reviews"
Nokia 105 DS (2023) Charcoal,"₹1,590","₹1,699",3.9,14 Ratings & 3 Reviews
Kechaoda K10,"₹1,090","₹1,290",3.9,"14,743 Ratings & 942 Reviews"
KARBONN K110i,₹941,"₹1,240",3.6,329 Ratings & 39 Reviews
"MOTOROLA g82 5G (Meterorite Grey, 128 GB)","₹21,499","₹25,999",4.1,"7,347 Ratings & 840 Reviews"
Nokia 110 DS,"₹1,875","₹2,099",4,931 Ratings & 57 Reviews
ANGAGE SAGA,₹999,"₹1,799",4,624 Ratings & 62 Reviews
"MOTOROLA e13 (Cosmic Black, 128 GB)","₹8,999","₹10,999",3.8,328 Ratings & 35 Reviews
itel Muzik 110| 1900 mAh battery| Expandable Storage upto 32GB,"₹1,249","₹1,449",4.1,475 Ratings & 44 Reviews
,,,,
,,,,
"Infinix Smart 6 (Polar Black, 64 GB)","₹6,499","₹8,999",4.3,"33,122 Ratings & 2,215 Reviews"
"vivo Y33s (Midday Dream, 128 GB)","₹15,249","₹21,990",4.3,"13,158 Ratings & 1,164 Reviews"
"REDMI 12C (Mint Green, 64 GB)","₹8,416","₹13,999",4.2,"2,355 Ratings & 134 Reviews"
"MOTOROLA E7 Power (Coral Red, 32 GB)","₹6,999","₹10,999",4,"10,469 Ratings & 1,009 Reviews"
"Tecno Pop 7 Pro (Endless Black, 3 GB)","₹7,132","₹8,999",,
"Tecno Pova 3 (Tech Silver, 128 GB)","₹13,999","₹15,999",4.1,498 Ratings & 25 Reviews
"IQOO Z7s 5G (Pacific Night, 128 GB)","₹20,280","₹24,999",4.3,765 Ratings & 44 Reviews
Micromax X413,"₹1,038","₹1,099",4,"3,734 Ratings & 292 Reviews"
Kechaoda A27,₹998,"₹1,499",4,"8,180 Ratings & 579 Reviews"
"Infinix Hot 12 (Turquoise Cyan, 64 GB)","₹8,999","₹12,999",4.2,"29,759 Ratings & 2,001 Reviews"
"POCO M5 (Icy Blue, 128 GB)","₹10,499","₹18,999",4.2,"7,597 Ratings & 497 Reviews"
Micromax X513+,"₹1,151","₹1,799",3.8,"3,091 Ratings & 205 Reviews"
"itel A60 (VertMenthe, 32 GB)","₹5,978","₹7,199",4.1,230 Ratings & 15 Reviews
itel Power 200|2500 mAh battery|Expandable Storage upto 32GB,"₹1,399","₹1,749",4,66 Ratings & 7 Reviews
LAVA A1,"₹1,223","₹1,249",4.2,"20,630 Ratings & 1,923 Reviews"
Salora Coral,₹899,"₹1,649",3.7,821 Ratings & 78 Reviews
Salora Coral,₹899,"₹1,649",3.7,821 Ratings & 78 Reviews
"realme Narzo 60 5G (Mars Orange, 128 GB)","₹18,617","₹22,499",4.3,380 Ratings & 29 Reviews
"REDMI 10 Power (Power Black, 128 GB)","₹12,599","₹18,999",4.2,"4,834 Ratings & 271 Reviews"
Kechaoda K9,"₹1,255","₹1,599",4.1,"2,857 Ratings & 257 Reviews"
Kechaoda K1,"₹1,249","₹1,999",4,427 Ratings & 35 Reviews
Micromax X412,₹998,"₹1,487",3.9,"17,712 Ratings & 1,458 Reviews"
"vivo Y16 (Steller Black, 128 GB)","₹12,499","₹16,999",4.3,"4,180 Ratings & 242 Reviews"
KARBONN KX 29,"₹1,475","₹1,890",3.8,727 Ratings & 69 Reviews
,,,,
,,,,
"OPPO A17 (Sunlight Orange, 64 GB)","₹11,999","₹14,999",4.3,"9,559 Ratings & 415 Reviews"
Snexian Rock,"₹1,215","₹1,999",4,"12,418 Ratings & 775 Reviews"
itel Power 440| 2500 mAh battery| Expandable Storage Upto 32GB,"₹1,459","₹1,899",4,143 Ratings & 6 Reviews
Nokia TA-1304/105 SS,"₹1,550",,4.2,"64,044 Ratings & 4,967 Reviews"
"REDMI Note 12 Pro+ 5G (Iceberg Blue, 256 GB)","₹32,999","₹36,999",4.2,"5,807 Ratings & 637 Reviews"
"REDMI Note 10S (Frost White, 64 GB)","₹14,999","₹16,999",4.4,"87,740 Ratings & 5,873 Reviews"
"itel Vision3 (Deep Ocean Black, 32 GB)","₹6,099","₹7,999",4.2,595 Ratings & 33 Reviews
Kechaoda K66 The Music House 4,"₹1,290","₹1,999",3.9,"18,642 Ratings & 1,351 Reviews"
itel It2175 Keypad Mobile|1200 mAh battery|Expandable Storage upto 32GB,"₹1,220","₹1,499",4,776 Ratings & 56 Reviews
Jmax J30,₹699,"₹1,399",3.6,553 Ratings & 37 Reviews
"SAMSUNG GALAXY M13 5G (Aqua Green, 128 GB)","₹14,289","₹19,499",4.2,"1,481 Ratings & 96 Reviews"
SAMSUNG GURU MUSIC 2,"₹2,282","₹2,287",4.1,"4,636 Ratings & 349 Reviews"
Micromax X743,"₹1,175","₹1,699",3.8,266 Ratings & 11 Reviews
"Nokia 5310 DS Keypad Mobile, FM Radio,Camera with Flash (8MB RAM)","₹3,924","₹4,299",4.2,"9,376 Ratings & 663 Reviews"
Snexian ROCK 310,₹699,"₹1,499",3.4,284 Ratings & 19 Reviews
"itel A60S (SHADOW BLACK, 128 GB)","₹7,099","₹8,999",3.6,7 Ratings & 0 Reviews
"vivo Y16 (Drizzling Gold, 64 GB)","₹10,999","₹15,999",4.3,"4,180 Ratings & 242 Reviews"
GFive V8,₹699,₹999,3.7,"1,375 Ratings & 102 Reviews"
"Nokia 3310 Dual SIM Keypad Mobile with MP3 Player, FM Radio & Rear Camera","₹4,389","₹4,599",3.9,"31,195 Ratings & 3,152 Reviews"
"FELSONE Thunder Keypad Mobile with 2500 mAh Battery(1.8 Inch Display, Multimedia)",₹840,"₹1,499",3.4,16 Ratings & 0 Reviews
"vivo Y33s (Mirror Black, 128 GB)","₹15,840","₹21,990",4.3,"13,158 Ratings & 1,164 Reviews"
Kechaoda K1,"₹1,249","₹1,999",4,427 Ratings & 35 Reviews
"MOTOROLA g31 (Baby Blue, 128 GB)","₹12,999","₹16,999",4.1,"18,129 Ratings & 1,753 Reviews"
itel Power 200|2500 mAh battery|Expandable Storage upto 32GB,"₹1,339","₹1,749",4,66 Ratings & 7 Reviews
,,,,
,,,,
KARBONN KX 29,"₹1,475","₹1,890",3.8,727 Ratings & 69 Reviews
"FELSONE Thunder Keypad Mobile with 2500 mAh Battery(1.8 Inch Display, Multimedia)",₹840,"₹1,499",3.4,16 Ratings & 0 Reviews
Micromax X818,"₹1,469","₹2,199",3.9,"3,928 Ratings & 309 Reviews"
"Nokia 3310 Dual SIM Keypad Mobile with MP3 Player, FM Radio & Rear Camera","₹4,389","₹4,599",3.9,"31,195 Ratings & 3,152 Reviews"
itel Power 200|2500 mAh battery|Expandable Storage upto 32GB,"₹1,339","₹1,749",4,66 Ratings & 7 Reviews
Jmax J30,₹699,"₹1,399",3.6,553 Ratings & 37 Reviews
SAMSUNG Guru Music 2,"₹2,199","₹2,497",4.1,"2,891 Ratings & 189 Reviews"
"REDMI 10 Power (Sporty Orange, 128 GB)","₹13,490","₹18,999",4.2,"4,834 Ratings & 271 Reviews"
Easyfone Shield,"₹2,988","₹6,999",3.9,"1,039 Ratings & 183 Reviews"
Kechaoda K60,"₹1,799","₹2,499",4.1,"1,446 Ratings & 136 Reviews"
"vivo Y16 (Drizzling Gold, 64 GB)","₹10,999","₹15,999",4.3,"4,180 Ratings & 242 Reviews"
Nokia 110 TA-1302 DS,"₹1,690","₹2,099",4,"25,668 Ratings & 2,000 Reviews"
Snexian ROCK 310,₹680,"₹1,499",3.4,284 Ratings & 19 Reviews
XTOUCH F20 feature phone ( Not support Jio SIM ),"₹1,249","₹2,999",3.3,97 Ratings & 14 Reviews
"REDMI 10 (Midnight Black, 64 GB)","₹9,999","₹14,999",4.3,"2,47,585 Ratings & 15,048 Reviews"
"IQOO Z6 Lite 5G (With Charger) (Stellar Green, 128 GB)","₹15,289","₹18,999",4.3,"2,476 Ratings & 170 Reviews"
"SAMSUNG Galaxy A14 5G (Dark Red, 128 GB)","₹19,999","₹22,999",4.1,"1,876 Ratings & 156 Reviews"
"realme Narzo 60 5G (Mars Orange, 256 GB)","₹20,880","₹21,999",4.3,380 Ratings & 29 Reviews
Kechaoda K33,"₹1,100","₹1,499",4,"9,057 Ratings & 582 Reviews"
"itel P40 (Luxurious Gold, 32 GB)","₹6,699","₹8,299",4,60 Ratings & 5 Reviews
"itel P40 (Dreamy Blue, 64 GB)","₹6,999","₹8,899",4.1,179 Ratings & 13 Reviews
"SAMSUNG GALAXY M13 (Midnight Blue, 64 GB)","₹10,783","₹14,999",4.2,"4,135 Ratings & 246 Reviews"
"REDMI 12C (Royal Blue, 64 GB)","₹8,699","₹10,999",4.2,"2,355 Ratings & 134 Reviews"
"REDMI 12C (Matte Black, 64 GB)","₹8,331","₹12,999",4.2,"2,355 Ratings & 134 Reviews"
,,,,
,,,,
"Infinix Zero 20 (Green Fantasy, 128 GB)","₹15,499","₹24,999",4.2,"4,714 Ratings & 566 Reviews"
"vivo Y16 (Steller Black, 64 GB)","₹10,999","₹13,999",4.2,"2,850 Ratings & 153 Reviews"
LAVA 34 Plus,"₹1,729",,4.1,882 Ratings & 79 Reviews
Kechaoda K60,"₹1,775","₹2,499",4.1,"1,446 Ratings & 136 Reviews"
Kechaoda K113,"₹1,499","₹1,999",4,122 Ratings & 15 Reviews
"SAMSUNG Galaxy F14 5G (GOAT Green, 128 GB)","₹13,990","₹17,490",4.2,"12,614 Ratings & 939 Reviews"
Kechaoda K9,"₹1,299","₹1,499",4.1,"2,857 Ratings & 257 Reviews"
FELSONE Keypad Mobile 1.8 inch Display size Multimedia Phone with Open FM(Speed),₹759,"₹1,499",4,24 Ratings & 2 Reviews
"REDMI 12C (Mint Green, 64 GB)","₹8,499","₹10,999",4.2,"2,355 Ratings & 134 Reviews"
"REDMI Note 12 5G (Sunrise Gold, 128 GB)","₹16,999","₹19,999",4,"4,124 Ratings & 336 Reviews"
"Mi 10i (Midnight Black, 128 GB)","₹18,980","₹24,999",4.3,"3,064 Ratings & 232 Reviews"
GFive C3 CARD,₹999,"₹1,499",3.7,663 Ratings & 41 Reviews
"SAMSUNG Galaxy Z Flip5 (Lavender, 256 GB)","₹99,999","₹1,02,999",4.4,180 Ratings & 18 Reviews
"IQOO Z7s 5G (Norway Blue, 128 GB)","₹19,170","₹21,999",4.3,799 Ratings & 49 Reviews
LAVA A1,"₹1,224","₹1,299",4.2,"1,10,542 Ratings & 11,568 Reviews"
"itel Vision3 (Deep Ocean Black, 32 GB)","₹6,048","₹7,999",4.2,595 Ratings & 33 Reviews
"Tecno Spark Go 2023 (Nebula Purple, 32 GB)","₹6,755","₹8,299",4,554 Ratings & 42 Reviews
Snexian ROCK 310,₹699,"₹1,499",3.4,284 Ratings & 19 Reviews
"OPPO A78 (Aqua Green, 128 GB)","₹17,499","₹22,999",4.3,78 Ratings & 6 Reviews
I Kall K100,₹719,₹999,3.3,"7,262 Ratings & 650 Reviews"
SAMSUNG Guru Music 2,"₹2,499",,4.3,"2,09,193 Ratings & 19,060 Reviews"
"SAMSUNG Galaxy M34 5G without charger (Prism Silver, 128 GB)","₹19,449","₹24,499",4.4,165 Ratings & 10 Reviews
Good One G115,"₹1,049","₹1,999",3.8,51 Ratings & 11 Reviews
"SAMSUNG Galaxy A14 (Silver, 64 GB)","₹13,499","₹16,499",3.7,46 Ratings & 8 Reviews
,,,,
,,,,
"SAMSUNG Galaxy A14 (Silver, 64 GB)","₹13,499","₹16,499",3.7,46 Ratings & 8 Reviews
KARBONN K110i,₹944,"₹1,240",3.6,329 Ratings & 39 Reviews
"itel A60 (DawnBlue, 32 GB)","₹5,899","₹7,199",4.1,230 Ratings & 15 Reviews
"SAMSUNG Galaxy A34 5G (Awesome Lime, 256 GB)","₹32,999","₹39,499",4.2,"1,952 Ratings & 179 Reviews"
Kechaoda K33,"₹1,120","₹1,442",4,"9,057 Ratings & 582 Reviews"
"Tecno Pova 3 (Tech Silver, 64 GB)","₹10,390","₹14,499",4.2,"2,063 Ratings & 139 Reviews"
itel Power 110 Neo| 2500 mAh battery| Expandable Storage Upto 32GB,"₹1,299","₹1,689",4.1,21 Ratings & 1 Reviews
Kechaoda K60,"₹1,849","₹1,999",4.1,"1,446 Ratings & 136 Reviews"
LAVA A1 TAMIL 2021,"₹1,149","₹1,499",3.8,10 Ratings & 1 Reviews
"SAMSUNG Galaxy A54 5G (Awesome Graphite, 256 GB)","₹40,999","₹45,999",4.3,997 Ratings & 99 Reviews
Snexian ROCK R7,₹999,"₹1,999",3.7,682 Ratings & 58 Reviews
itel U30 keypad Mobile|1200 mAh battery|Expandable Storage Upto 32GB,"₹1,069","₹1,249",3.4,14 Ratings & 1 Reviews
Nokia 110 (2023),"₹1,995","₹2,099",3.9,50 Ratings & 2 Reviews
"REDMI Note 11 (Horizon Blue, 128 GB)","₹13,824","₹19,999",4.2,"2,544 Ratings & 179 Reviews"
SAREGAMA Carvaan Mobile Hindi Don M12 with 1000 Pre-Loaded Songs,"₹1,750",,3.9,80 Ratings & 10 Reviews
"OPPO F23 5G (Bold Gold, 256 GB)","₹22,990","₹28,999",4.2,278 Ratings & 15 Reviews
"REDMI Note 11 SE (Bifrost Blue, 64 GB)","₹11,499","₹16,999",4.3,"47,603 Ratings & 2,884 Reviews"
I Kall K37,₹844,"₹1,149",3.6,"3,623 Ratings & 284 Reviews"
"OnePlus 11R 5G (Sonic Black, 256 GB)","₹44,325","₹44,999",4.5,"5,796 Ratings & 453 Reviews"
Lvix L1 312,₹660,₹999,3.4,283 Ratings & 20 Reviews
"REDMI A1+ (Light Green, 32 GB)","₹6,599","₹10,999",4.1,"11,211 Ratings & 556 Reviews"
"APPLE iPhone 14 Plus (Midnight, 128 GB)","₹76,999","₹89,900",4.6,"15,062 Ratings & 912 Reviews"
"REDMI 10 (Caribbean Green, 64 GB)","₹9,999","₹14,999",4.3,"2,47,585 Ratings & 15,048 Reviews"
"OPPO A78 (Mist Black, 128 GB)","₹17,499","₹22,999",4.3,78 Ratings & 6 Reviews
,,,,
,,,,
"vivo V25 Pro 5G (Sailing Blue, 128 GB)","₹28,400","₹39,999",4.3,"7,047 Ratings & 902 Reviews"
"SAMSUNG Galaxy F23 5G (Aqua Blue, 128 GB)","₹15,999","₹22,999",4.2,"45,905 Ratings & 3,487 Reviews"
"Infinix Zero 20 (DEEP GRAY, 128 GB)","₹15,499","₹24,999",4.2,"4,714 Ratings & 566 Reviews"
"realme narzo 50i Prime (Mint Green, 32 GB)","₹8,999",,4.2,316 Ratings & 14 Reviews
"SAMSUNG Galaxy A34 5G (Awesome Graphite, 256 GB)","₹32,999","₹39,499",4.2,"1,952 Ratings & 179 Reviews"
"IQOO Neo 7 5G (Frost Blue, 256 GB)","₹33,395","₹38,999",4.4,399 Ratings & 32 Reviews
"vivo Y02 (Sunset Gold, 32 GB)","₹9,280","₹12,999",4.2,918 Ratings & 45 Reviews
"APPLE iPhone 14 (Purple, 256 GB)","₹77,999","₹89,900",4.6,"47,328 Ratings & 1,797 Reviews"
Jmax J30,₹699,"₹1,199",3.6,553 Ratings & 37 Reviews
Kechaoda K1,"₹1,249","₹1,999",4,427 Ratings & 35 Reviews
"Tecno Pop 7 pro Uyuni 12MP Dual Camera B29 (?Uyuni Blue, 64 GB)","₹6,630","₹7,999",4.2,138 Ratings & 4 Reviews
"Tecno Camon 20 Pro (Dark Welkin, 256 GB)","₹21,999","₹25,999",4.3,216 Ratings & 30 Reviews
Kechaoda K9,"₹1,399","₹1,599",4.1,"2,857 Ratings & 257 Reviews"
"Google Pixel 7 (Snow, 128 GB)","₹49,999","₹59,999",4.3,"5,859 Ratings & 819 Reviews"
"Infinix Hot 12 Pro (Racing Black, 128 GB)","₹10,999","₹15,999",4,"5,448 Ratings & 441 Reviews"
"Infinix Hot 12 Pro (Lightsaber Green, 128 GB)","₹10,999","₹15,999",4,"5,448 Ratings & 441 Reviews"
"SAMSUNG Galaxy Z Fold5 (Phantom Black, 512 GB)","₹1,64,999","₹1,69,999",4.7,80 Ratings & 7 Reviews
Micromax X702,"₹1,132","₹1,699",3.6,459 Ratings & 26 Reviews
"IQOO Neo 7 5G (Frost Blue, 128 GB)","₹29,414","₹34,999",4.4,964 Ratings & 98 Reviews
"Infinix Smart 6 (Starry Purple, 64 GB)","₹6,499","₹8,999",4.3,"33,122 Ratings & 2,215 Reviews"
"IQOO Z6 Lite 5G (Stellar Green, 128 GB)","₹14,990","₹18,999",4.3,469 Ratings & 26 Reviews
MarQ by Flipkart M70 Shakti,"₹1,599",,3.9,"4,508 Ratings & 548 Reviews"
MarQ by Flipkart M70 Shakti,"₹1,599",,3.9,"4,508 Ratings & 548 Reviews"
"Nokia 2660 Flip 4G Volte Red keypad Mobile with Dual Sim & Screen, MP3 Player","₹4,899","₹5,899",4,120 Ratings & 5 Reviews
,,,,
,,,,
"SAMSUNG Galaxy M34 5G without charger (Midnight Blue, 128 GB)","₹18,585","₹24,499",4.4,165 Ratings & 10 Reviews
Nokia 105 SS 2023,"₹1,419","₹1,599",3.8,494 Ratings & 39 Reviews
Kechaoda K200,"₹1,135","₹1,999",4,144 Ratings & 5 Reviews
"APPLE iPhone 11 (White, 128 GB)","₹44,999","₹48,900",4.6,"1,99,900 Ratings & 11,391 Reviews"
"SAMSUNG Galaxy M33 5G (Deep Ocean Blue, 128 GB)","₹18,990","₹25,999",4.2,"3,885 Ratings & 274 Reviews"
Snexian ROCK R7,₹999,"₹1,499",3.7,682 Ratings & 58 Reviews
"REDMI Note 11 SE (Cosmic White, 64 GB)","₹11,499","₹16,999",4.3,"47,603 Ratings & 2,884 Reviews"
itel Power110Neo|2500 mAh battery| Expandable Storage Upto 32GB,"₹1,299","₹1,689",4.4,23 Ratings & 0 Reviews
SAREGAMA Carvaan Keypad Mobile Tamil Don M12 with 1000 Pre-Loaded Songs,"₹1,750",,2.8,19 Ratings & 3 Reviews
Snexian Guru 106,₹670,"₹1,499",3.3,"4,763 Ratings & 374 Reviews"
"IQOO Neo 7 5G (Interstellar Black, 256 GB)","₹33,098","₹38,999",4.4,399 Ratings & 32 Reviews
"SAMSUNG Galaxy A14 5G (Dark Red, 64 GB)","₹15,999","₹18,499",4.1,"2,053 Ratings & 143 Reviews"
ANGAGE A2163,₹719,"₹1,199",3.6,248 Ratings & 39 Reviews
"Tecno Spark Go 2023 6.56 HD+Display 13MP Dual Camera (UYUNI BLUE, 64 GB)","₹8,299","₹9,999",4.1,121 Ratings & 2 Reviews
"SAMSUNG Galaxy A03 Core (Onyx, 32 GB)","₹6,989","₹10,499",4.1,"4,043 Ratings & 314 Reviews"
Cellecor X9,"₹1,424","₹1,849",3.6,7 Ratings & 1 Reviews
"Infinix HOT 12 Play (Racing Black, 64 GB)","₹8,999","₹11,999",4.3,"1,18,828 Ratings & 8,506 Reviews"
I Kall K100,₹719,₹999,3.3,"7,262 Ratings & 650 Reviews"
"Nokia 150 Dual Sim Keypad Mobile,Wireless FM radio, Bluetooth, MP3 player","₹2,601","₹2,999",4.1,"14,141 Ratings & 999 Reviews"
SAREGAMA Carvaan Mobile Hindi Don M12 with 1000 Pre-Loaded Songs,"₹1,750",,3.9,80 Ratings & 10 Reviews
itel Power 440| 2500 mAh battery| Expandable Storage Upto 32GB,"₹1,459","₹1,899",4,143 Ratings & 6 Reviews
"OPPO Reno10 Pro 5G (Glossy Purple, 256 GB)","₹39,999","₹44,999",4.3,"4,437 Ratings & 615 Reviews"
"OPPO Reno10 Pro 5G (Silvery Grey, 256 GB)","₹39,999","₹44,999",4.3,"4,437 Ratings & 615 Reviews"
"REDMI Note 12 Pro 5G (Stardust Purple, 256 GB)","₹28,999","₹32,999",3.9,192 Ratings & 20 Reviews
,,,,
SAREGAMA Carvaan Mobile Tamil M21,"₹2,490",,3.4,12 Ratings & 2 Reviews
SAREGAMA Carvaan Mobile Tamil M21,"₹2,490",,3.4,12 Ratings & 2 Reviews
"Xiaomi 11Lite NE (Vinyl Black, 128 GB)","₹21,643","₹33,999",4.2,"1,903 Ratings & 195 Reviews"
"realme C30s (Stripe Blue, 32 GB)","₹6,999","₹9,999",4.4,"6,577 Ratings & 234 Reviews"
Micromax X702,"₹1,118","₹1,699",3.6,459 Ratings & 26 Reviews
"POCO C31 (Shadow Gray, 32 GB)","₹7,499","₹10,999",4.3,"1,48,385 Ratings & 9,221 Reviews"
"Mi 11X (Lunar White, 128 GB)","₹21,955","₹33,999",4.2,"3,025 Ratings & 293 Reviews"
"SAMSUNG Galaxy A34 5G (Awesome Violet, 256 GB)","₹32,999","₹39,499",4.2,"1,952 Ratings & 179 Reviews"
Nokia 106 SS 2023,"₹1,675","₹1,699",4.8,4 Ratings & 0 Reviews
"Mi 10T (Cosmic Black, 128 GB)","₹21,488","₹39,999",4.2,"4,076 Ratings & 569 Reviews"
itel It2171 Keypad Mobile|1000 mAh battery|Expandable Storage upto 32GB,"₹1,125","₹1,399",4.1,"6,592 Ratings & 522 Reviews"
Cellecor X3,₹965,"₹1,749",3.5,"1,198 Ratings & 55 Reviews"
Kechaoda K33,"₹1,119","₹1,499",4,"9,057 Ratings & 582 Reviews"
Kechaoda K33,"₹1,119","₹1,499",4,"9,057 Ratings & 582 Reviews"
"APPLE iPhone 13 (Green, 128 GB)","₹59,999","₹69,900",4.7,"2,53,545 Ratings & 12,512 Reviews"
"Infinix Hot 12 Pro (Electric Blue, 64 GB)","₹9,799","₹13,999",4.2,"11,752 Ratings & 684 Reviews"
"APPLE iPhone 11 (Black, 128 GB)","₹44,999","₹48,900",4.6,"1,99,900 Ratings & 11,391 Reviews"
Kechaoda K33,"₹1,130","₹1,423",4,"9,057 Ratings & 582 Reviews"
Snexian GURU 106,₹670,₹999,3.3,"4,763 Ratings & 374 Reviews"
"Redmi 3S (Dark Grey, 16 GB)","₹6,490","₹6,999",4.3,"2,11,091 Ratings & 39,540 Reviews"
"APPLE iPhone 13 (Midnight, 128 GB)","₹59,999","₹69,900",4.7,"2,53,545 Ratings & 12,512 Reviews"
Kechaoda K66 The Music House 4,"₹1,170","₹1,999",3.9,"18,642 Ratings & 1,351 Reviews"
"Tecno Spark 9 (Infinity Black, 64 GB)","₹7,734","₹11,499",4.1,836 Ratings & 44 Reviews
"Tecno Spark 9 (Sky Mirror, 64 GB)","₹8,180","₹11,499",4.1,836 Ratings & 44 Reviews
,,,,
,,,,
"APPLE iPhone 11 (Black, 128 GB)","₹44,999","₹48,900",4.6,"1,99,900 Ratings & 11,391 Reviews"
"Mi 10T (Cosmic Black, 128 GB)","₹21,488","₹39,999",4.2,"4,076 Ratings & 569 Reviews"
Kechaoda K33,"₹1,130","₹1,423",4,"9,057 Ratings & 582 Reviews"
"APPLE iPhone 13 (Blue, 128 GB)","₹59,999","₹69,900",4.7,"2,53,545 Ratings & 12,512 Reviews"
Cellecor X3,₹968,"₹1,749",3.5,"1,198 Ratings & 55 Reviews"
"SAMSUNG GALAXY M13 (Midnight Blue, 64 GB)","₹10,783","₹14,999",4.2,"4,135 Ratings & 246 Reviews"
itel Power 440| 2500 mAh battery| Expandable Storage Upto 32GB,"₹1,470","₹1,899",4,143 Ratings & 6 Reviews
"Tecno Pova 3 (Eco Black, 64 GB)","₹10,398","₹14,999",4.2,"2,063 Ratings & 139 Reviews"
LAVA A7 Star,"₹1,449","₹1,899",4.1,326 Ratings & 28 Reviews
itel it2163S,"₹1,039","₹1,429",4.1,"1,293 Ratings & 109 Reviews"
"REDMI 10A (Sea Blue, 32 GB)","₹8,885","₹9,499",4.1,"2,619 Ratings & 163 Reviews"
GFive Rose 316,₹645,"₹1,499",3.1,27 Ratings & 3 Reviews
Cellecor X3,₹965,"₹1,749",3.5,"1,198 Ratings & 55 Reviews"
itel Power 440| 2500 mAh battery| Expandable Storage Upto 32GB,"₹1,459","₹1,899",4,143 Ratings & 6 Reviews
LAVA Flip,"₹2,015","₹2,149",4.1,"2,353 Ratings & 183 Reviews"
"SAMSUNG Galaxy M33 5G (Emarld Brown, 128 GB)","₹16,270","₹24,999",4.2,"11,875 Ratings & 860 Reviews"
"APPLE iPhone 14 Plus (Blue, 128 GB)","₹76,999","₹89,900",4.6,"15,062 Ratings & 912 Reviews"
"Mi 11X (Celestial Silver, 128 GB)","₹22,735","₹34,999",4.1,"2,495 Ratings & 256 Reviews"
"POCO M6 Pro 5G (Forest Green, 128 GB)","₹12,999","₹16,999",4.3,"1,583 Ratings & 123 Reviews"
itel Muzik 110| 1900 mAh battery| Expandable Storage upto 32GB,"₹1,179","₹1,299",4.1,475 Ratings & 44 Reviews
"OnePlus 11 5G (Eternal Green, 128 GB)","₹52,499","₹56,999",4.4,402 Ratings & 36 Reviews
"REDMI A2 (Classic Black, 32 GB)","₹6,640","₹8,999",4.1,426 Ratings & 27 Reviews
"Infinix Hot 11 (Silver Wave, 64 GB)","₹9,999","₹11,999",4.3,"16,516 Ratings & 1,387 Reviews"
"APPLE iPhone 11 (White, 64 GB)","₹41,999","₹43,900",4.6,"1,99,900 Ratings & 11,391 Reviews"
,,,,
"Infinix Hot 12 Pro (Halo White, 64 GB)","₹9,799","₹13,999",4.2,"11,752 Ratings & 684 Reviews"
I Kall K130,₹737,₹999,3.3,195 Ratings & 7 Reviews
"vivo Y75 (Dancing waves, 128 GB)","₹19,990","₹25,990",4.3,"3,016 Ratings & 223 Reviews"
"Infinix Hot 12 Pro (Electric Blue, 64 GB)","₹9,799","₹13,999",4.2,"11,752 Ratings & 684 Reviews"
"REDMI Note 12 Pro+ 5G (Arctic White, 256 GB)","₹32,999","₹36,999",4.2,"5,807 Ratings & 637 Reviews"
itel P430,"₹2,899","₹2,999",,
Nokia 105 DS (2023) Terracotta Red,"₹1,629","₹1,699",,
"Tecno Spark 9 (Sky Mirror, 64 GB)","₹8,180","₹11,499",4.1,836 Ratings & 44 Reviews
"Tecno Spark 9 (Infinity Black, 64 GB)","₹7,734","₹11,499",4.1,836 Ratings & 44 Reviews
"REDMI Note 11 (Horizon Blue, 64 GB)","₹12,850","₹17,999",4.2,"2,460 Ratings & 182 Reviews"
MTR BULLET,"₹1,100","₹1,999",3.6,7 Ratings & 2 Reviews
"Nokia C01 Plus (Grey, 32 GB)","₹6,299","₹7,999",3.8,"5,381 Ratings & 462 Reviews"
"MOTOROLA g22 (Cosmic Black, 64 GB)","₹10,999","₹13,999",3.8,"34,692 Ratings & 3,845 Reviews"
"realme Narzo 50 (Speed Black, 128 GB)","₹14,579","₹17,999",4.3,"13,019 Ratings & 852 Reviews"
Vox V12,₹704,,3.2,502 Ratings & 35 Reviews
"Redmi 9A Sport (Carbon Black, 32 GB)","₹7,979","₹7,999",4.1,"26,780 Ratings & 1,941 Reviews"
Geotel K9 Flip,"₹1,599","₹2,199",3.9,826 Ratings & 52 Reviews
"Google Pixel 7 (Obsidian, 128 GB)","₹49,999","₹59,999",4.3,"5,859 Ratings & 819 Reviews"
Snexian ROCK R7,₹995,"₹1,999",3.7,682 Ratings & 58 Reviews
Cellecor D8,"₹1,549","₹2,199",,
Cellecor D8,"₹1,549","₹2,199",,
"vivo Y16 (Drizzling Gold, 128 GB)","₹12,499","₹16,999",4.3,"4,180 Ratings & 242 Reviews"
"POCO F5 5G (Electric Blue, 256 GB)","₹30,999","₹39,999",4.3,"1,294 Ratings & 178 Reviews"
Snexian GURU 106,₹670,"₹1,449",3.3,"4,763 Ratings & 374 Reviews"
,,,,
,,,,
"POCO F5 5G (Electric Blue, 256 GB)","₹30,999","₹39,999",4.3,"1,294 Ratings & 178 Reviews"
"SAMSUNG Galaxy M14 5G (ICY Silver, 128 GB)","₹13,499","₹17,990",4.2,815 Ratings & 63 Reviews
"realme C30s (Stripe Black, 32 GB)","₹6,999","₹9,999",4.4,"6,577 Ratings & 234 Reviews"
"REDMI Note 12 5G (Mystique Blue, 256 GB)","₹20,999","₹23,999",4.1,"1,481 Ratings & 116 Reviews"
"SAMSUNG Galaxy M14 5G (Berry Blue, 128 GB)","₹14,778","₹18,990",4.2,"3,048 Ratings & 210 Reviews"
"APPLE iPhone SE 3rd Gen (Midnight, 256 GB)","₹46,599","₹64,900",4.4,885 Ratings & 96 Reviews
"realme C30s (Stripe - Black, 32 GB)","₹7,292","₹9,999",4.4,"6,577 Ratings & 234 Reviews"
Cellecor C9+,₹949,"₹1,349",4.2,13 Ratings & 0 Reviews
"POCO C31 (Royal Blue, 32 GB)","₹7,499","₹10,999",4.3,"1,48,385 Ratings & 9,221 Reviews"
GIVA G2,₹730,₹999,,
"realme Narzo 50 (Speed Blue, 128 GB)","₹14,670","₹17,999",4.3,"13,019 Ratings & 852 Reviews"
KARBONN K110i,₹943,"₹1,240",3.6,329 Ratings & 39 Reviews
"Redmi 9A Sport (Coral Green, 32 GB)","₹8,999","₹9,499",4.2,"7,080 Ratings & 500 Reviews"
"Redmi 9A Sport (Metallic Blue, 32 GB)","₹8,999","₹9,499",4.2,"7,080 Ratings & 500 Reviews"
"Google Pixel 7 (Lemongrass, 128 GB)","₹49,999","₹59,999",4.3,"5,859 Ratings & 819 Reviews"
"REDMI NOTE 10 LITE (Aurora Blue, 128 GB)","₹12,997","₹17,999",4.3,"2,198 Ratings & 171 Reviews"
"REDMI A2 (Classic Black, 64 GB)","₹7,499","₹9,999",4.1,"2,375 Ratings & 132 Reviews"
"SAMSUNG Galaxy M33 5G (Deep Ocean Blue, 128 GB)","₹15,894","₹24,999",4.2,"11,875 Ratings & 860 Reviews"
Nokia 105 DS (2023) Terracotta Red,"₹1,629","₹1,699",4.2,6 Ratings & 0 Reviews
"APPLE iPhone 14 Plus (Starlight, 128 GB)","₹76,999","₹89,900",4.6,"15,062 Ratings & 912 Reviews"
"SAMSUNG GALAXY M13 5G (Midnight Blue, 128 GB)","₹14,099","₹19,499",4.2,"1,481 Ratings & 96 Reviews"
"vivo Y100 5G (Pacific Blue, 128 GB)","₹23,999","₹29,999",4.3,"2,116 Ratings & 143 Reviews"
"vivo Y100 5G (Twilight Gold, 128 GB)","₹23,999","₹29,999",4.3,"2,116 Ratings & 143 Reviews"
"Nokia 3310 Dual SIM Keypad Mobile with MP3 Player, FM Radio & Rear Camera","₹3,799","₹4,399",3.9,"31,195 Ratings & 3,152 Reviews"
,,,,
,,,,
Jmax J80,₹699,"₹1,199",3.8,77 Ratings & 4 Reviews
"POCO F5 5G (Carbon Black, 256 GB)","₹30,999","₹39,999",4.3,"1,294 Ratings & 178 Reviews"
"Google Pixel 7a (Snow, 128 GB)","₹43,999",,4,"4,481 Ratings & 665 Reviews"
"REDMI 10A (Slate Grey, 32 GB)","₹7,489","₹10,999",4.1,"2,619 Ratings & 163 Reviews"
"vivo Y16 (Steller Black, 32 GB)","₹10,999","₹12,999",4.2,"2,850 Ratings & 153 Reviews"
GFive U220+,₹688,₹836,3.5,"5,639 Ratings & 611 Reviews"
Lvix L1 5077,₹799,"₹1,499",1.7,3 Ratings & 0 Reviews
"OnePlus 11 5G (Titan Black, 128 GB)","₹52,999","₹56,999",4.4,402 Ratings & 36 Reviews
"realme XT (Pearl White, 64 GB)","₹16,798","₹16,999",,
"APPLE iPhone 13 (Starlight, 128 GB)","₹59,999","₹69,900",4.7,"2,53,545 Ratings & 12,512 Reviews"
"Google Pixel 7a (Sea, 128 GB)","₹43,999",,4,"4,481 Ratings & 665 Reviews"
Kechaoda K60,"₹1,849","₹1,999",4.1,"1,446 Ratings & 136 Reviews"
"SAMSUNG Galaxy M33 5G (Mystique Green, 128 GB)","₹15,900","₹24,999",4.2,"11,875 Ratings & 860 Reviews"
"REDMI Note 12 Pro 5G (Stardust Purple, 256 GB)","₹28,999","₹32,999",3.9,192 Ratings & 20 Reviews
"realme C30s (Royal Blue, 32 GB)","₹7,299","₹9,999",4.4,"6,577 Ratings & 234 Reviews"
BlackZone FLIPPER Dual Screen 2.4 & 1.8 Inch Dual Micro SIM,"₹1,794","₹2,999",,
"Google Pixel 7a (Charcoal, 128 GB)","₹43,999",,4,"4,481 Ratings & 665 Reviews"
SAREGAMA Carvaan Feature Phone Bengali Don M12 with 1000 Pre-Loaded Songs,"₹1,750",,3.8,8 Ratings & 2 Reviews
"realme C30s (Stripe Black, 32 GB)","₹6,999","₹9,999",4.4,"6,577 Ratings & 234 Reviews"
Snexian ROCK 310,₹680,"₹1,499",3.4,284 Ratings & 19 Reviews
"vivo Y100 5G (Metal Black, 128 GB)","₹23,999","₹29,999",4.3,"2,116 Ratings & 143 Reviews"
Nokia 106,"₹1,699",,,
Nokia 106,"₹1,699",,,
Nokia 106,"₹1,699",,,
,,,,
,,,,
Geotel K9 Flip,"₹1,599","₹2,199",3.9,826 Ratings & 52 Reviews
Cellecor C9+,₹949,"₹1,349",4.2,13 Ratings & 0 Reviews
Kechaoda K300,"₹1,179","₹1,399",4,133 Ratings & 13 Reviews
"Nothing Phone (2) (White, 256 GB)","₹49,999","₹54,999",4.4,"2,864 Ratings & 463 Reviews"
"Nothing Phone (2) (Dark Grey, 128 GB)","₹44,999","₹49,999",4.4,"1,776 Ratings & 293 Reviews"
"Nothing Phone (2) (Dark Grey, 256 GB)","₹49,999","₹54,999",4.4,"2,864 Ratings & 463 Reviews"
Snexian ROCK 310,₹680,"₹1,499",3.4,284 Ratings & 19 Reviews
"Tecno Spark 10C (Meta Green, 8 GB)","₹9,954","₹12,499",4,81 Ratings & 8 Reviews
SAMSUNG Guru Music 2,"₹2,880","₹2,899",4.3,"2,09,193 Ratings & 19,060 Reviews"
"vivo Y16 (Steller Black, 32 GB)","₹10,999","₹12,999",4.2,"2,850 Ratings & 153 Reviews"
"REDMI Note 11 SE (Thunder Purple, 64 GB)","₹11,499","₹16,999",4.3,"47,603 Ratings & 2,884 Reviews"
"IAIR Basic Feature Dual Sim Mobile Phone with 1200mAh Battery, 1.77 inch Display Screen, 0.8 mp Camera...",₹799,"₹1,499",3.8,111 Ratings & 24 Reviews
SAREGAMA Carvaan Mobile M21(CM281) with 1500 pre-loaded songs,"₹2,490",,4,157 Ratings & 22 Reviews
"Tecno Pop 7 pro (?Endless Black, 64 GB)","₹6,799","₹7,999",3.9,9 Ratings & 0 Reviews
"REDMI 10A (Sea Blue, 32 GB)","₹8,195","₹10,999",4.1,"2,619 Ratings & 163 Reviews"
Nokia 105 DS 2020,"₹1,595","₹1,699",4.2,"27,933 Ratings & 2,089 Reviews"
Jmax J80,₹699,"₹1,199",3.8,77 Ratings & 4 Reviews
I Kall K130,₹737,₹999,3.3,195 Ratings & 7 Reviews
Kechaoda K200,"₹1,149","₹1,999",4,144 Ratings & 5 Reviews
"REDMI 12C (Royal Blue, 6 GB)","₹11,240","₹15,999",3.5,73 Ratings & 3 Reviews
"Google Pixel 7a (Snow, 128 GB)","₹43,999",,4,"4,481 Ratings & 665 Reviews"
Nokia 105 SS 2023,"₹1,495","₹1,599",3.8,494 Ratings & 39 Reviews
"REDMI 10A (Sea Blue, 64 GB)","₹8,975","₹11,999",4.2,"13,167 Ratings & 674 Reviews"
"REDMI 10A (Slate grey, 64 GB)","₹8,990","₹11,999",4.2,"13,167 Ratings & 674 Reviews"
,,,,
,,,,
Cellecor E6+,"₹1,196","₹1,949",3.6,556 Ratings & 29 Reviews
"Tecno Spark 10c (Meta Blue, 128 GB)","₹9,989","₹12,498",4.1,137 Ratings & 4 Reviews
"vivo Y33s (Mirror Black, 128 GB)","₹15,790","₹21,696",4.3,"13,158 Ratings & 1,164 Reviews"
"APPLE iPhone 14 Plus (Purple, 128 GB)","₹76,999","₹89,900",4.6,"15,062 Ratings & 912 Reviews"
"IQOO Z6 Lite 5G (Without Charger) (Mystic Night, 128 GB)","₹15,290","₹18,999",4.2,"1,486 Ratings & 99 Reviews"
itel MagicX Play 4G| 1900 mAh battery| Expandable Storage upto 64GB,"₹2,139","₹2,699",3.8,213 Ratings & 31 Reviews
"REDMI 10A (Charcoal Black, 64 GB)","₹9,270","₹11,999",4.2,"13,167 Ratings & 674 Reviews"
"REDMI 10A (Slate Grey, 32 GB)","₹8,380","₹10,999",4.1,"2,619 Ratings & 163 Reviews"
"SAMSUNG Galaxy S21 FE 5G (Graphite, 128 GB)",,,4.3,"71,323 Ratings & 7,049 Reviews"
"APPLE iPhone 13 (Pink, 128 GB)","₹59,999","₹69,900",4.7,"2,53,545 Ratings & 12,512 Reviews"
LAVA A1 Josh 2021,"₹1,055","₹1,249",4.1,"8,790 Ratings & 710 Reviews"
"Nokia 6310 Dual SIM Feature Mobile, Wireless FM Radio and Rear Camera","₹3,699","₹4,499",3.9,"2,724 Ratings & 211 Reviews"
"vivo Y01 (Sapphire Blue, 32 GB)","₹7,999","₹12,999",4.2,"1,683 Ratings & 91 Reviews"
"Tecno Pop 7Pro 5000mAh Battery 13MP Dual Rear Camera (uyuni blue, 64 GB)","₹7,068","₹8,999",4.3,110 Ratings & 4 Reviews
"Nokia 6310 Dual SIM Feature Mobile, Wireless FM Radio and Rear Camera","₹3,699","₹4,499",3.9,"2,724 Ratings & 211 Reviews"
"POCO X4 Pro 5G (Laser Black, 128 GB)","₹17,999","₹25,999",4.2,"23,691 Ratings & 2,281 Reviews"
"vivo Y16 (Drizzling Gold, 32 GB)","₹11,499","₹13,999",4.2,"2,850 Ratings & 153 Reviews"
"realme Narzo 50i Prime (Dark Blue, 32 GB)","₹7,989","₹8,999",4.2,316 Ratings & 14 Reviews
"MOTOROLA g13 (Matte Charcoal, 128 GB)","₹9,999","₹13,999",4,"43,827 Ratings & 3,994 Reviews"
KARBONN KU3i,₹931,"₹1,190",3.4,30 Ratings & 1 Reviews
SAMSUNG Guru Music 2,"₹2,499","₹2,620",4.3,"2,09,193 Ratings & 19,060 Reviews"
"realme Narzo 50i (Mint Green, 64 GB)","₹8,999","₹9,999",4.3,"63,599 Ratings & 3,521 Reviews"
"SAMSUNG Galaxy Z Flip5 (Graphite, 256 GB)","₹99,999","₹1,02,999",4.4,180 Ratings & 18 Reviews
"realme Narzo 50i Prime (Dark Blue, 32 GB)","₹7,999","₹8,999",4.2,316 Ratings & 14 Reviews
,,,,
,,,,
"SAMSUNG Galaxy M33 5G (Deep Ocean Blue, 128 GB)","₹17,990","₹24,999",4.2,"11,875 Ratings & 860 Reviews"
"Infinix Hot 10 Play (Morandi Green, 64 GB)","₹7,990","₹10,999",4.3,"1,68,049 Ratings & 11,760 Reviews"
GFive A1,₹699,"₹1,096",3.5,"1,419 Ratings & 94 Reviews"
"REDMI Note 12 Pro 5G (Glacier Blue, 128 GB)","₹24,999","₹29,999",4.2,"17,099 Ratings & 1,636 Reviews"
"Infinix Note 12 Pro 5G (Snowfall, 128 GB)","₹18,999","₹24,999",4.1,"32,272 Ratings & 3,650 Reviews"
Cellecor R4,"₹1,033","₹1,599",3.4,69 Ratings & 9 Reviews
"Nokia 6310 Dual SIM Feature Mobile, Wireless FM Radio and Rear Camera","₹3,699","₹4,499",3.9,"2,724 Ratings & 211 Reviews"
Cellecor E6+,"₹1,186","₹1,749",3.6,556 Ratings & 29 Reviews
Cellecor E6+,"₹1,182","₹1,949",3.6,556 Ratings & 29 Reviews
"IQOO Z6 Lite 5G (Without Charger) (Stellar Green, 128 GB)","₹15,292","₹16,999",4.2,"1,486 Ratings & 99 Reviews"
"POCO M3 Pro 5G (Cool Blue, 64 GB)","₹13,879","₹15,999",4.3,"64,317 Ratings & 4,920 Reviews"
"Mi 10T (Lunar Silver, 128 GB)","₹22,489","₹42,999",4.1,"3,694 Ratings & 467 Reviews"
"SAMSUNG Galaxy A14 5G (Black, 64 GB)","₹15,999","₹18,499",4.1,"2,053 Ratings & 143 Reviews"
SAMSUNG Guru Music 2,"₹2,880","₹2,899",4.3,"2,09,193 Ratings & 19,060 Reviews"
"Infinix Hot 12 Pro (Racing Black, 64 GB)","₹9,799","₹13,999",4.2,"11,752 Ratings & 684 Reviews"
"APPLE iPhone 13 (Pink, 128 GB)","₹59,999","₹69,900",4.7,"2,53,545 Ratings & 12,512 Reviews"
"OnePlus Nord CE3 5G (Aqua Surge, 128 GB)","₹26,892","₹26,999",4.4,181 Ratings & 20 Reviews
itel Magic3 Smart Touch Keypad,"₹1,838","₹2,499",4,"1,535 Ratings & 125 Reviews"
"Nokia 215 DS 4G Keypad Phone with Long Battery Life,Wireless FM Radio","₹3,499","₹3,599",3.7,"4,855 Ratings & 468 Reviews"
"realme Narzo 50i Prime (Dark Blue, 32 GB)","₹7,999","₹8,999",4.2,316 Ratings & 14 Reviews
"REDMI 11 Prime (Playful Green, 64 GB)","₹8,999","₹14,999",4.2,"5,951 Ratings & 320 Reviews"
"REDMI 12C (Royal Blue, 6 GB)","₹11,240","₹15,999",3.5,73 Ratings & 3 Reviews
GFive C2 Card,₹949,"₹1,999",3.5,225 Ratings & 11 Reviews
Snexian ROCK 310,₹680,"₹1,499",3.4,284 Ratings & 19 Reviews
,,,,
,,,,
